_id,keyword,index,date
ObjectId("5dfdaf7cd51a5c8eb6103503"),南昌大学,3231,2019-01-01
ObjectId("5dfdaf7cd51a5c8eb6103504"),南昌大学,3365,2019-01-02
ObjectId("5dfdaf7cd51a5c8eb6103505"),南昌大学,3706,2019-01-03
ObjectId("5dfdaf7cd51a5c8eb6103506"),南昌大学,3888,2019-01-04
ObjectId("5dfdaf7cd51a5c8eb6103507"),南昌大学,3856,2019-01-05
ObjectId("5dfdaf7cd51a5c8eb6103508"),南昌大学,3830,2019-01-06
ObjectId("5dfdaf7cd51a5c8eb6103509"),南昌大学,4020,2019-01-07
ObjectId("5dfdaf7cd51a5c8eb610350a"),南昌大学,4791,2019-01-08
ObjectId("5dfdaf7cd51a5c8eb610350b"),南昌大学,4967,2019-01-09
ObjectId("5dfdaf7cd51a5c8eb610350c"),南昌大学,5083,2019-01-10
ObjectId("5dfdaf7cd51a5c8eb610350d"),南昌大学,4752,2019-01-11
ObjectId("5dfdaf7cd51a5c8eb610350e"),南昌大学,4381,2019-01-12
ObjectId("5dfdaf7cd51a5c8eb610350f"),南昌大学,4134,2019-01-13
ObjectId("5dfdaf7cd51a5c8eb6103510"),南昌大学,4397,2019-01-14
ObjectId("5dfdaf7cd51a5c8eb6103511"),南昌大学,4442,2019-01-15
ObjectId("5dfdaf7cd51a5c8eb6103512"),南昌大学,4343,2019-01-16
ObjectId("5dfdaf7cd51a5c8eb6103513"),南昌大学,4279,2019-01-17
ObjectId("5dfdaf7cd51a5c8eb6103514"),南昌大学,4365,2019-01-18
ObjectId("5dfdaf7cd51a5c8eb6103515"),南昌大学,4258,2019-01-19
ObjectId("5dfdaf7cd51a5c8eb6103516"),南昌大学,4264,2019-01-20
ObjectId("5dfdaf7cd51a5c8eb6103517"),南昌大学,4860,2019-01-21
ObjectId("5dfdaf7cd51a5c8eb6103518"),南昌大学,4586,2019-01-22
ObjectId("5dfdaf7cd51a5c8eb6103519"),南昌大学,4999,2019-01-23
ObjectId("5dfdaf7cd51a5c8eb610351a"),南昌大学,4742,2019-01-24
ObjectId("5dfdaf7cd51a5c8eb610351b"),南昌大学,4597,2019-01-25
ObjectId("5dfdaf7cd51a5c8eb610351c"),南昌大学,4559,2019-01-26
ObjectId("5dfdaf7cd51a5c8eb610351d"),南昌大学,4185,2019-01-27
ObjectId("5dfdaf7cd51a5c8eb610351e"),南昌大学,4044,2019-01-28
ObjectId("5dfdaf7cd51a5c8eb610351f"),南昌大学,4063,2019-01-29
ObjectId("5dfdaf7cd51a5c8eb6103520"),南昌大学,3937,2019-01-30
ObjectId("5dfdaf7cd51a5c8eb6103521"),南昌大学,4123,2019-01-31
ObjectId("5dfdaf7cd51a5c8eb6103522"),南昌大学,3920,2019-02-01
ObjectId("5dfdaf7cd51a5c8eb6103523"),南昌大学,3499,2019-02-02
ObjectId("5dfdaf7cd51a5c8eb6103524"),南昌大学,3271,2019-02-03
ObjectId("5dfdaf7cd51a5c8eb6103525"),南昌大学,2185,2019-02-04
ObjectId("5dfdaf7cd51a5c8eb6103526"),南昌大学,2240,2019-02-05
ObjectId("5dfdaf7cd51a5c8eb6103527"),南昌大学,3363,2019-02-06
ObjectId("5dfdaf7cd51a5c8eb6103528"),南昌大学,3828,2019-02-07
ObjectId("5dfdaf7cd51a5c8eb6103529"),南昌大学,4186,2019-02-08
ObjectId("5dfdaf7cd51a5c8eb610352a"),南昌大学,4343,2019-02-09
ObjectId("5dfdaf7cd51a5c8eb610352b"),南昌大学,4513,2019-02-10
ObjectId("5dfdaf7cd51a5c8eb610352c"),南昌大学,4889,2019-02-11
ObjectId("5dfdaf7cd51a5c8eb610352d"),南昌大学,4818,2019-02-12
ObjectId("5dfdaf7cd51a5c8eb610352e"),南昌大学,4743,2019-02-13
ObjectId("5dfdaf7cd51a5c8eb610352f"),南昌大学,5529,2019-02-14
ObjectId("5dfdaf7cd51a5c8eb6103530"),南昌大学,9718,2019-02-15
ObjectId("5dfdaf7cd51a5c8eb6103531"),南昌大学,8060,2019-02-16
ObjectId("5dfdaf7cd51a5c8eb6103532"),南昌大学,7127,2019-02-17
ObjectId("5dfdaf7cd51a5c8eb6103533"),南昌大学,7803,2019-02-18
ObjectId("5dfdaf7cd51a5c8eb6103534"),南昌大学,7041,2019-02-19
ObjectId("5dfdaf7cd51a5c8eb6103535"),南昌大学,6808,2019-02-20
ObjectId("5dfdaf7cd51a5c8eb6103536"),南昌大学,7433,2019-02-21
ObjectId("5dfdaf7cd51a5c8eb6103537"),南昌大学,6834,2019-02-22
ObjectId("5dfdaf7cd51a5c8eb6103538"),南昌大学,7560,2019-02-23
ObjectId("5dfdaf7cd51a5c8eb6103539"),南昌大学,6678,2019-02-24
ObjectId("5dfdaf7cd51a5c8eb610353a"),南昌大学,7798,2019-02-25
ObjectId("5dfdaf7cd51a5c8eb610353b"),南昌大学,8079,2019-02-26
ObjectId("5dfdaf7cd51a5c8eb610353c"),南昌大学,8194,2019-02-27
ObjectId("5dfdaf7cd51a5c8eb610353d"),南昌大学,8338,2019-02-28
ObjectId("5dfdaf7cd51a5c8eb610353e"),南昌大学,9773,2019-03-01
ObjectId("5dfdaf7cd51a5c8eb610353f"),南昌大学,7550,2019-03-02
ObjectId("5dfdaf7cd51a5c8eb6103540"),南昌大学,7083,2019-03-03
ObjectId("5dfdaf7cd51a5c8eb6103541"),南昌大学,7394,2019-03-04
ObjectId("5dfdaf7cd51a5c8eb6103542"),南昌大学,7461,2019-03-05
ObjectId("5dfdaf7cd51a5c8eb6103543"),南昌大学,6763,2019-03-06
ObjectId("5dfdaf7cd51a5c8eb6103544"),南昌大学,6485,2019-03-07
ObjectId("5dfdaf7cd51a5c8eb6103545"),南昌大学,6474,2019-03-08
ObjectId("5dfdaf7cd51a5c8eb6103546"),南昌大学,6994,2019-03-09
ObjectId("5dfdaf7cd51a5c8eb6103547"),南昌大学,6407,2019-03-10
ObjectId("5dfdaf7cd51a5c8eb6103548"),南昌大学,6522,2019-03-11
ObjectId("5dfdaf7cd51a5c8eb6103549"),南昌大学,6326,2019-03-12
ObjectId("5dfdaf7cd51a5c8eb610354a"),南昌大学,6261,2019-03-13
ObjectId("5dfdaf7cd51a5c8eb610354b"),南昌大学,6044,2019-03-14
ObjectId("5dfdaf7cd51a5c8eb610354c"),南昌大学,8121,2019-03-15
ObjectId("5dfdaf7cd51a5c8eb610354d"),南昌大学,8637,2019-03-16
ObjectId("5dfdaf7cd51a5c8eb610354e"),南昌大学,7351,2019-03-17
ObjectId("5dfdaf7cd51a5c8eb610354f"),南昌大学,7668,2019-03-18
ObjectId("5dfdaf7cd51a5c8eb6103550"),南昌大学,7540,2019-03-19
ObjectId("5dfdaf7cd51a5c8eb6103551"),南昌大学,7288,2019-03-20
ObjectId("5dfdaf7cd51a5c8eb6103552"),南昌大学,7112,2019-03-21
ObjectId("5dfdaf7cd51a5c8eb6103553"),南昌大学,7331,2019-03-22
ObjectId("5dfdaf7cd51a5c8eb6103554"),南昌大学,11991,2019-03-23
ObjectId("5dfdaf7cd51a5c8eb6103555"),南昌大学,7117,2019-03-24
ObjectId("5dfdaf7cd51a5c8eb6103556"),南昌大学,7520,2019-03-25
ObjectId("5dfdaf7cd51a5c8eb6103557"),南昌大学,7085,2019-03-26
ObjectId("5dfdaf7cd51a5c8eb6103558"),南昌大学,6904,2019-03-27
ObjectId("5dfdaf7cd51a5c8eb6103559"),南昌大学,6826,2019-03-28
ObjectId("5dfdaf7cd51a5c8eb610355a"),南昌大学,6759,2019-03-29
ObjectId("5dfdaf7cd51a5c8eb610355b"),南昌大学,6289,2019-03-30
ObjectId("5dfdaf7cd51a5c8eb610355c"),南昌大学,6299,2019-03-31
ObjectId("5dfdaf7cd51a5c8eb610355d"),南昌大学,6737,2019-04-01
ObjectId("5dfdaf7cd51a5c8eb610355e"),南昌大学,6722,2019-04-02
ObjectId("5dfdaf7cd51a5c8eb610355f"),南昌大学,7674,2019-04-03
ObjectId("5dfdaf7cd51a5c8eb6103560"),南昌大学,10928,2019-04-04
ObjectId("5dfdaf7cd51a5c8eb6103561"),南昌大学,11961,2019-04-05
ObjectId("5dfdaf7cd51a5c8eb6103562"),南昌大学,6641,2019-04-06
ObjectId("5dfdaf7cd51a5c8eb6103563"),南昌大学,5745,2019-04-07
ObjectId("5dfdaf7cd51a5c8eb6103564"),南昌大学,6648,2019-04-08
ObjectId("5dfdaf7cd51a5c8eb6103565"),南昌大学,6423,2019-04-09
ObjectId("5dfdaf7cd51a5c8eb6103566"),南昌大学,9407,2019-04-10
ObjectId("5dfdaf7cd51a5c8eb6103567"),南昌大学,6927,2019-04-11
ObjectId("5dfdaf7cd51a5c8eb6103568"),南昌大学,7341,2019-04-12
ObjectId("5dfdaf7cd51a5c8eb6103569"),南昌大学,7368,2019-04-13
ObjectId("5dfdaf7cd51a5c8eb610356a"),南昌大学,6435,2019-04-14
ObjectId("5dfdaf7cd51a5c8eb610356b"),南昌大学,6241,2019-04-15
ObjectId("5dfdaf7cd51a5c8eb610356c"),南昌大学,5585,2019-04-16
ObjectId("5dfdaf7cd51a5c8eb610356d"),南昌大学,5568,2019-04-17
ObjectId("5dfdaf7cd51a5c8eb610356e"),南昌大学,5370,2019-04-18
ObjectId("5dfdaf7cd51a5c8eb610356f"),南昌大学,5387,2019-04-19
ObjectId("5dfdaf7cd51a5c8eb6103570"),南昌大学,5397,2019-04-20
ObjectId("5dfdaf7cd51a5c8eb6103571"),南昌大学,5358,2019-04-21
ObjectId("5dfdaf7cd51a5c8eb6103572"),南昌大学,5230,2019-04-22
ObjectId("5dfdaf7cd51a5c8eb6103573"),南昌大学,5117,2019-04-23
ObjectId("5dfdaf7cd51a5c8eb6103574"),南昌大学,4655,2019-04-24
ObjectId("5dfdaf7cd51a5c8eb6103575"),南昌大学,4551,2019-04-25
ObjectId("5dfdaf7cd51a5c8eb6103576"),南昌大学,4476,2019-04-26
ObjectId("5dfdaf7cd51a5c8eb6103577"),南昌大学,4617,2019-04-27
ObjectId("5dfdaf7cd51a5c8eb6103578"),南昌大学,4742,2019-04-28
ObjectId("5dfdaf7cd51a5c8eb6103579"),南昌大学,4418,2019-04-29
ObjectId("5dfdaf7cd51a5c8eb610357a"),南昌大学,4635,2019-04-30
ObjectId("5dfdaf7cd51a5c8eb610357b"),南昌大学,4608,2019-05-01
ObjectId("5dfdaf7cd51a5c8eb610357c"),南昌大学,4670,2019-05-02
ObjectId("5dfdaf7cd51a5c8eb610357d"),南昌大学,4575,2019-05-03
ObjectId("5dfdaf7cd51a5c8eb610357e"),南昌大学,5391,2019-05-04
ObjectId("5dfdaf7cd51a5c8eb610357f"),南昌大学,5309,2019-05-05
ObjectId("5dfdaf7cd51a5c8eb6103580"),南昌大学,5035,2019-05-06
ObjectId("5dfdaf7cd51a5c8eb6103581"),南昌大学,5209,2019-05-07
ObjectId("5dfdaf7cd51a5c8eb6103582"),南昌大学,4728,2019-05-08
ObjectId("5dfdaf7cd51a5c8eb6103583"),南昌大学,4718,2019-05-09
ObjectId("5dfdaf7cd51a5c8eb6103584"),南昌大学,4534,2019-05-10
ObjectId("5dfdaf7cd51a5c8eb6103585"),南昌大学,4733,2019-05-11
ObjectId("5dfdaf7cd51a5c8eb6103586"),南昌大学,4707,2019-05-12
ObjectId("5dfdaf7cd51a5c8eb6103587"),南昌大学,4761,2019-05-13
ObjectId("5dfdaf7cd51a5c8eb6103588"),南昌大学,5490,2019-05-14
ObjectId("5dfdaf7cd51a5c8eb6103589"),南昌大学,5286,2019-05-15
ObjectId("5dfdaf7cd51a5c8eb610358a"),南昌大学,5220,2019-05-16
ObjectId("5dfdaf7cd51a5c8eb610358b"),南昌大学,4796,2019-05-17
ObjectId("5dfdaf7cd51a5c8eb610358c"),南昌大学,4720,2019-05-18
ObjectId("5dfdaf7cd51a5c8eb610358d"),南昌大学,5029,2019-05-19
ObjectId("5dfdaf7cd51a5c8eb610358e"),南昌大学,5042,2019-05-20
ObjectId("5dfdaf7cd51a5c8eb610358f"),南昌大学,4988,2019-05-21
ObjectId("5dfdaf7cd51a5c8eb6103590"),南昌大学,5305,2019-05-22
ObjectId("5dfdaf7cd51a5c8eb6103591"),南昌大学,5082,2019-05-23
ObjectId("5dfdaf7cd51a5c8eb6103592"),南昌大学,4793,2019-05-24
ObjectId("5dfdaf7cd51a5c8eb6103593"),南昌大学,4677,2019-05-25
ObjectId("5dfdaf7cd51a5c8eb6103594"),南昌大学,4938,2019-05-26
ObjectId("5dfdaf7cd51a5c8eb6103595"),南昌大学,5839,2019-05-27
ObjectId("5dfdaf7cd51a5c8eb6103596"),南昌大学,5672,2019-05-28
ObjectId("5dfdaf7cd51a5c8eb6103597"),南昌大学,5544,2019-05-29
ObjectId("5dfdaf7cd51a5c8eb6103598"),南昌大学,5146,2019-05-30
ObjectId("5dfdaf7cd51a5c8eb6103599"),南昌大学,4840,2019-05-31
ObjectId("5dfdaf7cd51a5c8eb610359a"),南昌大学,4433,2019-06-01
ObjectId("5dfdaf7cd51a5c8eb610359b"),南昌大学,4668,2019-06-02
ObjectId("5dfdaf7cd51a5c8eb610359c"),南昌大学,5670,2019-06-03
ObjectId("5dfdaf7cd51a5c8eb610359d"),南昌大学,5460,2019-06-04
ObjectId("5dfdaf7cd51a5c8eb610359e"),南昌大学,5565,2019-06-05
ObjectId("5dfdaf7cd51a5c8eb610359f"),南昌大学,6069,2019-06-06
ObjectId("5dfdaf7cd51a5c8eb61035a0"),南昌大学,6023,2019-06-07
ObjectId("5dfdaf7cd51a5c8eb61035a1"),南昌大学,7132,2019-06-08
ObjectId("5dfdaf7cd51a5c8eb61035a2"),南昌大学,9152,2019-06-09
ObjectId("5dfdaf7cd51a5c8eb61035a3"),南昌大学,9061,2019-06-10
ObjectId("5dfdaf7cd51a5c8eb61035a4"),南昌大学,8401,2019-06-11
ObjectId("5dfdaf7cd51a5c8eb61035a5"),南昌大学,8439,2019-06-12
ObjectId("5dfdaf7cd51a5c8eb61035a6"),南昌大学,8692,2019-06-13
ObjectId("5dfdaf7cd51a5c8eb61035a7"),南昌大学,8258,2019-06-14
ObjectId("5dfdaf7cd51a5c8eb61035a8"),南昌大学,7314,2019-06-15
ObjectId("5dfdaf7cd51a5c8eb61035a9"),南昌大学,7462,2019-06-16
ObjectId("5dfdaf7cd51a5c8eb61035aa"),南昌大学,8406,2019-06-17
ObjectId("5dfdaf7cd51a5c8eb61035ab"),南昌大学,8137,2019-06-18
ObjectId("5dfdaf7cd51a5c8eb61035ac"),南昌大学,8957,2019-06-19
ObjectId("5dfdaf7cd51a5c8eb61035ad"),南昌大学,9560,2019-06-20
ObjectId("5dfdaf7cd51a5c8eb61035ae"),南昌大学,9531,2019-06-21
ObjectId("5dfdaf7cd51a5c8eb61035af"),南昌大学,13590,2019-06-22
ObjectId("5dfdaf7cd51a5c8eb61035b0"),南昌大学,59233,2019-06-23
ObjectId("5dfdaf7cd51a5c8eb61035b1"),南昌大学,67105,2019-06-24
ObjectId("5dfdaf7cd51a5c8eb61035b2"),南昌大学,70299,2019-06-25
ObjectId("5dfdaf7cd51a5c8eb61035b3"),南昌大学,65347,2019-06-26
ObjectId("5dfdaf7cd51a5c8eb61035b4"),南昌大学,52122,2019-06-27
ObjectId("5dfdaf7cd51a5c8eb61035b5"),南昌大学,40525,2019-06-28
ObjectId("5dfdaf7cd51a5c8eb61035b6"),南昌大学,35007,2019-06-29
ObjectId("5dfdaf7cd51a5c8eb61035b7"),南昌大学,29552,2019-06-30
ObjectId("5dfdaf7cd51a5c8eb61035b8"),南昌大学,24240,2019-07-01
ObjectId("5dfdaf7cd51a5c8eb61035b9"),南昌大学,18658,2019-07-02
ObjectId("5dfdaf7cd51a5c8eb61035ba"),南昌大学,14127,2019-07-03
ObjectId("5dfdaf7cd51a5c8eb61035bb"),南昌大学,12655,2019-07-04
ObjectId("5dfdaf7cd51a5c8eb61035bc"),南昌大学,11612,2019-07-05
ObjectId("5dfdaf7cd51a5c8eb61035bd"),南昌大学,10252,2019-07-06
ObjectId("5dfdaf7cd51a5c8eb61035be"),南昌大学,9844,2019-07-07
ObjectId("5dfdaf7cd51a5c8eb61035bf"),南昌大学,11081,2019-07-08
ObjectId("5dfdaf7cd51a5c8eb61035c0"),南昌大学,13081,2019-07-09
ObjectId("5dfdaf7cd51a5c8eb61035c1"),南昌大学,10616,2019-07-10
ObjectId("5dfdaf7cd51a5c8eb61035c2"),南昌大学,10291,2019-07-11
ObjectId("5dfdaf7cd51a5c8eb61035c3"),南昌大学,12053,2019-07-12
ObjectId("5dfdaf7cd51a5c8eb61035c4"),南昌大学,11101,2019-07-13
ObjectId("5dfdaf7cd51a5c8eb61035c5"),南昌大学,10362,2019-07-14
ObjectId("5dfdaf7cd51a5c8eb61035c6"),南昌大学,11363,2019-07-15
ObjectId("5dfdaf7cd51a5c8eb61035c7"),南昌大学,11331,2019-07-16
ObjectId("5dfdaf7cd51a5c8eb61035c8"),南昌大学,12679,2019-07-17
ObjectId("5dfdaf7cd51a5c8eb61035c9"),南昌大学,14630,2019-07-18
ObjectId("5dfdaf7cd51a5c8eb61035ca"),南昌大学,20377,2019-07-19
ObjectId("5dfdaf7cd51a5c8eb61035cb"),南昌大学,23279,2019-07-20
ObjectId("5dfdaf7cd51a5c8eb61035cc"),南昌大学,19164,2019-07-21
ObjectId("5dfdaf7cd51a5c8eb61035cd"),南昌大学,18275,2019-07-22
ObjectId("5dfdaf7cd51a5c8eb61035ce"),南昌大学,15534,2019-07-23
ObjectId("5dfdaf7cd51a5c8eb61035cf"),南昌大学,13987,2019-07-24
ObjectId("5dfdaf7cd51a5c8eb61035d0"),南昌大学,12749,2019-07-25
ObjectId("5dfdaf7cd51a5c8eb61035d1"),南昌大学,12323,2019-07-26
ObjectId("5dfdaf7cd51a5c8eb61035d2"),南昌大学,11932,2019-07-27
ObjectId("5dfdaf7cd51a5c8eb61035d3"),南昌大学,12540,2019-07-28
ObjectId("5dfdaf7cd51a5c8eb61035d4"),南昌大学,12080,2019-07-29
ObjectId("5dfdaf7cd51a5c8eb61035d5"),南昌大学,12243,2019-07-30
ObjectId("5dfdaf7cd51a5c8eb61035d6"),南昌大学,12961,2019-07-31
ObjectId("5dfdaf7cd51a5c8eb61035d7"),南昌大学,14426,2019-08-01
ObjectId("5dfdaf7cd51a5c8eb61035d8"),南昌大学,13476,2019-08-02
ObjectId("5dfdaf7cd51a5c8eb61035d9"),南昌大学,11875,2019-08-03
ObjectId("5dfdaf7cd51a5c8eb61035da"),南昌大学,10464,2019-08-04
ObjectId("5dfdaf7cd51a5c8eb61035db"),南昌大学,9977,2019-08-05
ObjectId("5dfdaf7cd51a5c8eb61035dc"),南昌大学,8831,2019-08-06
ObjectId("5dfdaf7cd51a5c8eb61035dd"),南昌大学,7872,2019-08-07
ObjectId("5dfdaf7cd51a5c8eb61035de"),南昌大学,8822,2019-08-08
ObjectId("5dfdaf7cd51a5c8eb61035df"),南昌大学,8581,2019-08-09
ObjectId("5dfdaf7cd51a5c8eb61035e0"),南昌大学,8177,2019-08-10
ObjectId("5dfdaf7cd51a5c8eb61035e1"),南昌大学,7730,2019-08-11
ObjectId("5dfdaf7cd51a5c8eb61035e2"),南昌大学,8452,2019-08-12
ObjectId("5dfdaf7cd51a5c8eb61035e3"),南昌大学,7993,2019-08-13
ObjectId("5dfdaf7cd51a5c8eb61035e4"),南昌大学,7478,2019-08-14
ObjectId("5dfdaf7cd51a5c8eb61035e5"),南昌大学,7398,2019-08-15
ObjectId("5dfdaf7cd51a5c8eb61035e6"),南昌大学,8129,2019-08-16
ObjectId("5dfdaf7cd51a5c8eb61035e7"),南昌大学,8106,2019-08-17
ObjectId("5dfdaf7cd51a5c8eb61035e8"),南昌大学,8318,2019-08-18
ObjectId("5dfdaf7cd51a5c8eb61035e9"),南昌大学,8489,2019-08-19
ObjectId("5dfdaf7cd51a5c8eb61035ea"),南昌大学,8396,2019-08-20
ObjectId("5dfdaf7cd51a5c8eb61035eb"),南昌大学,8453,2019-08-21
ObjectId("5dfdaf7cd51a5c8eb61035ec"),南昌大学,7910,2019-08-22
ObjectId("5dfdaf7cd51a5c8eb61035ed"),南昌大学,7751,2019-08-23
ObjectId("5dfdaf7cd51a5c8eb61035ee"),南昌大学,7542,2019-08-24
ObjectId("5dfdaf7cd51a5c8eb61035ef"),南昌大学,7726,2019-08-25
ObjectId("5dfdaf7cd51a5c8eb61035f0"),南昌大学,8253,2019-08-26
ObjectId("5dfdaf7cd51a5c8eb61035f1"),南昌大学,8606,2019-08-27
ObjectId("5dfdaf7cd51a5c8eb61035f2"),南昌大学,9373,2019-08-28
ObjectId("5dfdaf7cd51a5c8eb61035f3"),南昌大学,9844,2019-08-29
ObjectId("5dfdaf7cd51a5c8eb61035f4"),南昌大学,9157,2019-08-30
ObjectId("5dfdaf7cd51a5c8eb61035f5"),南昌大学,8054,2019-08-31
ObjectId("5dfdaf7cd51a5c8eb61035f6"),南昌大学,7530,2019-09-01
ObjectId("5dfdaf7cd51a5c8eb61035f7"),南昌大学,6988,2019-09-02
ObjectId("5dfdaf7cd51a5c8eb61035f8"),南昌大学,6894,2019-09-03
ObjectId("5dfdaf7cd51a5c8eb61035f9"),南昌大学,6848,2019-09-04
ObjectId("5dfdaf7cd51a5c8eb61035fa"),南昌大学,6652,2019-09-05
ObjectId("5dfdaf7cd51a5c8eb61035fb"),南昌大学,6787,2019-09-06
ObjectId("5dfdaf7cd51a5c8eb61035fc"),南昌大学,6721,2019-09-07
ObjectId("5dfdaf7cd51a5c8eb61035fd"),南昌大学,6609,2019-09-08
ObjectId("5dfdaf7cd51a5c8eb61035fe"),南昌大学,6474,2019-09-09
ObjectId("5dfdaf7cd51a5c8eb61035ff"),南昌大学,6168,2019-09-10
ObjectId("5dfdaf7cd51a5c8eb6103600"),南昌大学,6012,2019-09-11
ObjectId("5dfdaf7cd51a5c8eb6103601"),南昌大学,7904,2019-09-12
ObjectId("5dfdaf7cd51a5c8eb6103602"),南昌大学,7462,2019-09-13
ObjectId("5dfdaf7cd51a5c8eb6103603"),南昌大学,6893,2019-09-14
ObjectId("5dfdaf7cd51a5c8eb6103604"),南昌大学,6112,2019-09-15
ObjectId("5dfdaf7cd51a5c8eb6103605"),南昌大学,6590,2019-09-16
ObjectId("5dfdaf7cd51a5c8eb6103606"),南昌大学,6511,2019-09-17
ObjectId("5dfdaf7cd51a5c8eb6103607"),南昌大学,6399,2019-09-18
ObjectId("5dfdaf7cd51a5c8eb6103608"),南昌大学,5700,2019-09-19
ObjectId("5dfdaf7cd51a5c8eb6103609"),南昌大学,5413,2019-09-20
ObjectId("5dfdaf7cd51a5c8eb610360a"),南昌大学,5543,2019-09-21
ObjectId("5dfdaf7cd51a5c8eb610360b"),南昌大学,7335,2019-09-22
ObjectId("5dfdaf7cd51a5c8eb610360c"),南昌大学,6628,2019-09-23
ObjectId("5dfdaf7cd51a5c8eb610360d"),南昌大学,8269,2019-09-24
ObjectId("5dfdaf7cd51a5c8eb610360e"),南昌大学,6941,2019-09-25
ObjectId("5dfdaf7cd51a5c8eb610360f"),南昌大学,6514,2019-09-26
ObjectId("5dfdaf7cd51a5c8eb6103610"),南昌大学,6205,2019-09-27
ObjectId("5dfdaf7cd51a5c8eb6103611"),南昌大学,5457,2019-09-28
ObjectId("5dfdaf7cd51a5c8eb6103612"),南昌大学,5305,2019-09-29
ObjectId("5dfdaf7cd51a5c8eb6103613"),南昌大学,5590,2019-09-30
ObjectId("5dfdaf7cd51a5c8eb6103614"),南昌大学,4565,2019-10-01
ObjectId("5dfdaf7cd51a5c8eb6103615"),南昌大学,5439,2019-10-02
ObjectId("5dfdaf7cd51a5c8eb6103616"),南昌大学,5498,2019-10-03
ObjectId("5dfdaf7cd51a5c8eb6103617"),南昌大学,5479,2019-10-04
ObjectId("5dfdaf7cd51a5c8eb6103618"),南昌大学,5114,2019-10-05
ObjectId("5dfdaf7cd51a5c8eb6103619"),南昌大学,5088,2019-10-06
ObjectId("5dfdaf7cd51a5c8eb610361a"),南昌大学,5028,2019-10-07
ObjectId("5dfdaf7cd51a5c8eb610361b"),南昌大学,5347,2019-10-08
ObjectId("5dfdaf7cd51a5c8eb610361c"),南昌大学,5476,2019-10-09
ObjectId("5dfdaf7cd51a5c8eb610361d"),南昌大学,5813,2019-10-10
ObjectId("5dfdaf7cd51a5c8eb610361e"),南昌大学,5268,2019-10-11
ObjectId("5dfdaf7cd51a5c8eb610361f"),南昌大学,5248,2019-10-12
ObjectId("5dfdaf7cd51a5c8eb6103620"),南昌大学,4889,2019-10-13
ObjectId("5dfdaf7cd51a5c8eb6103621"),南昌大学,5089,2019-10-14
ObjectId("5dfdaf7cd51a5c8eb6103622"),南昌大学,4785,2019-10-15
ObjectId("5dfdaf7cd51a5c8eb6103623"),南昌大学,4789,2019-10-16
ObjectId("5dfdaf7cd51a5c8eb6103624"),南昌大学,4968,2019-10-17
ObjectId("5dfdaf7cd51a5c8eb6103625"),南昌大学,4743,2019-10-18
ObjectId("5dfdaf7cd51a5c8eb6103626"),南昌大学,4685,2019-10-19
ObjectId("5dfdaf7cd51a5c8eb6103627"),南昌大学,4798,2019-10-20
ObjectId("5dfdaf7cd51a5c8eb6103628"),南昌大学,5078,2019-10-21
ObjectId("5dfdaf7cd51a5c8eb6103629"),南昌大学,5297,2019-10-22
ObjectId("5dfdaf7cd51a5c8eb610362a"),南昌大学,5152,2019-10-23
ObjectId("5dfdaf7cd51a5c8eb610362b"),南昌大学,4963,2019-10-24
ObjectId("5dfdaf7cd51a5c8eb610362c"),南昌大学,4466,2019-10-25
ObjectId("5dfdaf7cd51a5c8eb610362d"),南昌大学,4216,2019-10-26
ObjectId("5dfdaf7cd51a5c8eb610362e"),南昌大学,4351,2019-10-27
ObjectId("5dfdaf7cd51a5c8eb610362f"),南昌大学,4736,2019-10-28
ObjectId("5dfdaf7cd51a5c8eb6103630"),南昌大学,4994,2019-10-29
ObjectId("5dfdaf7cd51a5c8eb6103631"),南昌大学,4753,2019-10-30
ObjectId("5dfdaf7cd51a5c8eb6103632"),南昌大学,5218,2019-10-31
ObjectId("5dfdaf7cd51a5c8eb6103633"),南昌大学,4602,2019-11-01
ObjectId("5dfdaf7cd51a5c8eb6103634"),南昌大学,4411,2019-11-02
ObjectId("5dfdaf7cd51a5c8eb6103635"),南昌大学,4374,2019-11-03
ObjectId("5dfdaf7cd51a5c8eb6103636"),南昌大学,4480,2019-11-04
ObjectId("5dfdaf7cd51a5c8eb6103637"),南昌大学,4518,2019-11-05
ObjectId("5dfdaf7cd51a5c8eb6103638"),南昌大学,4924,2019-11-06
ObjectId("5dfdaf7cd51a5c8eb6103639"),南昌大学,4820,2019-11-07
ObjectId("5dfdaf7cd51a5c8eb610363a"),南昌大学,4517,2019-11-08
ObjectId("5dfdaf7cd51a5c8eb610363b"),南昌大学,4177,2019-11-09
ObjectId("5dfdaf7cd51a5c8eb610363c"),南昌大学,4030,2019-11-10
ObjectId("5dfdaf7cd51a5c8eb610363d"),南昌大学,3967,2019-11-11
ObjectId("5dfdaf7cd51a5c8eb610363e"),南昌大学,4742,2019-11-12
ObjectId("5dfdaf7cd51a5c8eb610363f"),南昌大学,4514,2019-11-13
ObjectId("5dfdaf7cd51a5c8eb6103640"),南昌大学,4876,2019-11-14
ObjectId("5dfdaf7cd51a5c8eb6103641"),南昌大学,4545,2019-11-15
ObjectId("5dfdaf7cd51a5c8eb6103642"),南昌大学,4954,2019-11-16
ObjectId("5dfdaf7cd51a5c8eb6103643"),南昌大学,5165,2019-11-17
ObjectId("5dfdaf7cd51a5c8eb6103644"),南昌大学,5176,2019-11-18
ObjectId("5dfdaf7cd51a5c8eb6103645"),南昌大学,4714,2019-11-19
ObjectId("5dfdaf7cd51a5c8eb6103646"),南昌大学,4417,2019-11-20
ObjectId("5dfdaf7cd51a5c8eb6103647"),南昌大学,4523,2019-11-21
ObjectId("5dfdaf7cd51a5c8eb6103648"),南昌大学,8571,2019-11-22
ObjectId("5dfdaf7cd51a5c8eb6103649"),南昌大学,5228,2019-11-23
ObjectId("5dfdaf7cd51a5c8eb610364a"),南昌大学,4955,2019-11-24
ObjectId("5dfdaf7cd51a5c8eb610364b"),南昌大学,4741,2019-11-25
ObjectId("5dfdaf7cd51a5c8eb610364c"),南昌大学,4605,2019-11-26
ObjectId("5dfdaf7cd51a5c8eb610364d"),南昌大学,4090,2019-11-27
ObjectId("5dfdaf7cd51a5c8eb610364e"),南昌大学,4031,2019-11-28
ObjectId("5dfdaf7cd51a5c8eb610364f"),南昌大学,4182,2019-11-29
ObjectId("5dfdaf7cd51a5c8eb6103650"),南昌大学,4476,2019-11-30
ObjectId("5dfdaf7cd51a5c8eb6103651"),南昌大学,4718,2019-12-01
ObjectId("5dfdaf7cd51a5c8eb6103652"),南昌大学,5164,2019-12-02
ObjectId("5dfdaf7cd51a5c8eb6103653"),南昌大学,4798,2019-12-03
ObjectId("5dfdaf7cd51a5c8eb6103654"),南昌大学,4521,2019-12-04
ObjectId("5dfdaf7cd51a5c8eb6103655"),南昌大学,4658,2019-12-05
ObjectId("5dfdaf7cd51a5c8eb6103656"),南昌大学,4298,2019-12-06
ObjectId("5dfdaf7cd51a5c8eb6103657"),南昌大学,4299,2019-12-07
ObjectId("5dfdaf7cd51a5c8eb6103658"),南昌大学,4352,2019-12-08
ObjectId("5dfdaf7cd51a5c8eb6103659"),南昌大学,4614,2019-12-09
ObjectId("5dfdaf7cd51a5c8eb610365a"),南昌大学,4453,2019-12-10
ObjectId("5dfdaf7cd51a5c8eb610365b"),南昌大学,4348,2019-12-11
ObjectId("5dfdaf7cd51a5c8eb610365c"),南昌大学,4070,2019-12-12
ObjectId("5dfdaf7cd51a5c8eb610365d"),南昌大学,4323,2019-12-13
ObjectId("5dfdaf7cd51a5c8eb610365e"),南昌大学,4357,2019-12-14
ObjectId("5dfdaf7cd51a5c8eb610365f"),南昌大学,4316,2019-12-15
ObjectId("5dfdaf7cd51a5c8eb6103660"),南昌大学,4510,2019-12-16
ObjectId("5dfdaf7cd51a5c8eb6103661"),南昌大学,4317,2019-12-17
ObjectId("5dfdaf7cd51a5c8eb6103662"),南昌大学,4554,2019-12-18
ObjectId("5dfdaf7cd51a5c8eb6103663"),南昌大学,4473,2019-12-19
ObjectId("5dfdaf7dd51a5c8eb6103664"),清华大学,10266,2019-01-01
ObjectId("5dfdaf7dd51a5c8eb6103665"),清华大学,9691,2019-01-02
ObjectId("5dfdaf7dd51a5c8eb6103666"),清华大学,9568,2019-01-03
ObjectId("5dfdaf7dd51a5c8eb6103667"),清华大学,10358,2019-01-04
ObjectId("5dfdaf7dd51a5c8eb6103668"),清华大学,11611,2019-01-05
ObjectId("5dfdaf7dd51a5c8eb6103669"),清华大学,11844,2019-01-06
ObjectId("5dfdaf7dd51a5c8eb610366a"),清华大学,12009,2019-01-07
ObjectId("5dfdaf7dd51a5c8eb610366b"),清华大学,12417,2019-01-08
ObjectId("5dfdaf7dd51a5c8eb610366c"),清华大学,11340,2019-01-09
ObjectId("5dfdaf7dd51a5c8eb610366d"),清华大学,12171,2019-01-10
ObjectId("5dfdaf7dd51a5c8eb610366e"),清华大学,10831,2019-01-11
ObjectId("5dfdaf7dd51a5c8eb610366f"),清华大学,11330,2019-01-12
ObjectId("5dfdaf7dd51a5c8eb6103670"),清华大学,10791,2019-01-13
ObjectId("5dfdaf7dd51a5c8eb6103671"),清华大学,10038,2019-01-14
ObjectId("5dfdaf7dd51a5c8eb6103672"),清华大学,8593,2019-01-15
ObjectId("5dfdaf7dd51a5c8eb6103673"),清华大学,9558,2019-01-16
ObjectId("5dfdaf7dd51a5c8eb6103674"),清华大学,9787,2019-01-17
ObjectId("5dfdaf7dd51a5c8eb6103675"),清华大学,9733,2019-01-18
ObjectId("5dfdaf7dd51a5c8eb6103676"),清华大学,8994,2019-01-19
ObjectId("5dfdaf7dd51a5c8eb6103677"),清华大学,9381,2019-01-20
ObjectId("5dfdaf7dd51a5c8eb6103678"),清华大学,9521,2019-01-21
ObjectId("5dfdaf7dd51a5c8eb6103679"),清华大学,9289,2019-01-22
ObjectId("5dfdaf7dd51a5c8eb610367a"),清华大学,12546,2019-01-23
ObjectId("5dfdaf7dd51a5c8eb610367b"),清华大学,12621,2019-01-24
ObjectId("5dfdaf7dd51a5c8eb610367c"),清华大学,11710,2019-01-25
ObjectId("5dfdaf7dd51a5c8eb610367d"),清华大学,11224,2019-01-26
ObjectId("5dfdaf7dd51a5c8eb610367e"),清华大学,11568,2019-01-27
ObjectId("5dfdaf7dd51a5c8eb610367f"),清华大学,11399,2019-01-28
ObjectId("5dfdaf7dd51a5c8eb6103680"),清华大学,11478,2019-01-29
ObjectId("5dfdaf7dd51a5c8eb6103681"),清华大学,11470,2019-01-30
ObjectId("5dfdaf7dd51a5c8eb6103682"),清华大学,11538,2019-01-31
ObjectId("5dfdaf7dd51a5c8eb6103683"),清华大学,10751,2019-02-01
ObjectId("5dfdaf7dd51a5c8eb6103684"),清华大学,10537,2019-02-02
ObjectId("5dfdaf7dd51a5c8eb6103685"),清华大学,9620,2019-02-03
ObjectId("5dfdaf7dd51a5c8eb6103686"),清华大学,7192,2019-02-04
ObjectId("5dfdaf7dd51a5c8eb6103687"),清华大学,7149,2019-02-05
ObjectId("5dfdaf7dd51a5c8eb6103688"),清华大学,11931,2019-02-06
ObjectId("5dfdaf7dd51a5c8eb6103689"),清华大学,13250,2019-02-07
ObjectId("5dfdaf7dd51a5c8eb610368a"),清华大学,13976,2019-02-08
ObjectId("5dfdaf7dd51a5c8eb610368b"),清华大学,14486,2019-02-09
ObjectId("5dfdaf7dd51a5c8eb610368c"),清华大学,13953,2019-02-10
ObjectId("5dfdaf7dd51a5c8eb610368d"),清华大学,14016,2019-02-11
ObjectId("5dfdaf7dd51a5c8eb610368e"),清华大学,13995,2019-02-12
ObjectId("5dfdaf7dd51a5c8eb610368f"),清华大学,14218,2019-02-13
ObjectId("5dfdaf7dd51a5c8eb6103690"),清华大学,13660,2019-02-14
ObjectId("5dfdaf7dd51a5c8eb6103691"),清华大学,18126,2019-02-15
ObjectId("5dfdaf7dd51a5c8eb6103692"),清华大学,16085,2019-02-16
ObjectId("5dfdaf7dd51a5c8eb6103693"),清华大学,14824,2019-02-17
ObjectId("5dfdaf7dd51a5c8eb6103694"),清华大学,16260,2019-02-18
ObjectId("5dfdaf7dd51a5c8eb6103695"),清华大学,15160,2019-02-19
ObjectId("5dfdaf7dd51a5c8eb6103696"),清华大学,14023,2019-02-20
ObjectId("5dfdaf7dd51a5c8eb6103697"),清华大学,13872,2019-02-21
ObjectId("5dfdaf7dd51a5c8eb6103698"),清华大学,13805,2019-02-22
ObjectId("5dfdaf7dd51a5c8eb6103699"),清华大学,14429,2019-02-23
ObjectId("5dfdaf7dd51a5c8eb610369a"),清华大学,14288,2019-02-24
ObjectId("5dfdaf7dd51a5c8eb610369b"),清华大学,13780,2019-02-25
ObjectId("5dfdaf7dd51a5c8eb610369c"),清华大学,14747,2019-02-26
ObjectId("5dfdaf7dd51a5c8eb610369d"),清华大学,14056,2019-02-27
ObjectId("5dfdaf7dd51a5c8eb610369e"),清华大学,14283,2019-02-28
ObjectId("5dfdaf7dd51a5c8eb610369f"),清华大学,13877,2019-03-01
ObjectId("5dfdaf7dd51a5c8eb61036a0"),清华大学,15612,2019-03-02
ObjectId("5dfdaf7dd51a5c8eb61036a1"),清华大学,15932,2019-03-03
ObjectId("5dfdaf7dd51a5c8eb61036a2"),清华大学,14456,2019-03-04
ObjectId("5dfdaf7dd51a5c8eb61036a3"),清华大学,14516,2019-03-05
ObjectId("5dfdaf7dd51a5c8eb61036a4"),清华大学,13938,2019-03-06
ObjectId("5dfdaf7dd51a5c8eb61036a5"),清华大学,14016,2019-03-07
ObjectId("5dfdaf7dd51a5c8eb61036a6"),清华大学,13843,2019-03-08
ObjectId("5dfdaf7dd51a5c8eb61036a7"),清华大学,15962,2019-03-09
ObjectId("5dfdaf7dd51a5c8eb61036a8"),清华大学,15100,2019-03-10
ObjectId("5dfdaf7dd51a5c8eb61036a9"),清华大学,13612,2019-03-11
ObjectId("5dfdaf7dd51a5c8eb61036aa"),清华大学,13423,2019-03-12
ObjectId("5dfdaf7dd51a5c8eb61036ab"),清华大学,13394,2019-03-13
ObjectId("5dfdaf7dd51a5c8eb61036ac"),清华大学,13936,2019-03-14
ObjectId("5dfdaf7dd51a5c8eb61036ad"),清华大学,14657,2019-03-15
ObjectId("5dfdaf7dd51a5c8eb61036ae"),清华大学,16010,2019-03-16
ObjectId("5dfdaf7dd51a5c8eb61036af"),清华大学,15561,2019-03-17
ObjectId("5dfdaf7dd51a5c8eb61036b0"),清华大学,15912,2019-03-18
ObjectId("5dfdaf7dd51a5c8eb61036b1"),清华大学,15220,2019-03-19
ObjectId("5dfdaf7dd51a5c8eb61036b2"),清华大学,15412,2019-03-20
ObjectId("5dfdaf7dd51a5c8eb61036b3"),清华大学,14636,2019-03-21
ObjectId("5dfdaf7dd51a5c8eb61036b4"),清华大学,14334,2019-03-22
ObjectId("5dfdaf7dd51a5c8eb61036b5"),清华大学,15625,2019-03-23
ObjectId("5dfdaf7dd51a5c8eb61036b6"),清华大学,15598,2019-03-24
ObjectId("5dfdaf7dd51a5c8eb61036b7"),清华大学,14384,2019-03-25
ObjectId("5dfdaf7dd51a5c8eb61036b8"),清华大学,14272,2019-03-26
ObjectId("5dfdaf7dd51a5c8eb61036b9"),清华大学,14288,2019-03-27
ObjectId("5dfdaf7dd51a5c8eb61036ba"),清华大学,15308,2019-03-28
ObjectId("5dfdaf7dd51a5c8eb61036bb"),清华大学,15312,2019-03-29
ObjectId("5dfdaf7dd51a5c8eb61036bc"),清华大学,15045,2019-03-30
ObjectId("5dfdaf7dd51a5c8eb61036bd"),清华大学,14281,2019-03-31
ObjectId("5dfdaf7dd51a5c8eb61036be"),清华大学,12729,2019-04-01
ObjectId("5dfdaf7dd51a5c8eb61036bf"),清华大学,13571,2019-04-02
ObjectId("5dfdaf7dd51a5c8eb61036c0"),清华大学,13906,2019-04-03
ObjectId("5dfdaf7dd51a5c8eb61036c1"),清华大学,16184,2019-04-04
ObjectId("5dfdaf7dd51a5c8eb61036c2"),清华大学,15282,2019-04-05
ObjectId("5dfdaf7dd51a5c8eb61036c3"),清华大学,14352,2019-04-06
ObjectId("5dfdaf7dd51a5c8eb61036c4"),清华大学,13023,2019-04-07
ObjectId("5dfdaf7dd51a5c8eb61036c5"),清华大学,13074,2019-04-08
ObjectId("5dfdaf7dd51a5c8eb61036c6"),清华大学,13199,2019-04-09
ObjectId("5dfdaf7dd51a5c8eb61036c7"),清华大学,12586,2019-04-10
ObjectId("5dfdaf7dd51a5c8eb61036c8"),清华大学,12334,2019-04-11
ObjectId("5dfdaf7dd51a5c8eb61036c9"),清华大学,12410,2019-04-12
ObjectId("5dfdaf7dd51a5c8eb61036ca"),清华大学,12840,2019-04-13
ObjectId("5dfdaf7dd51a5c8eb61036cb"),清华大学,12635,2019-04-14
ObjectId("5dfdaf7dd51a5c8eb61036cc"),清华大学,11999,2019-04-15
ObjectId("5dfdaf7dd51a5c8eb61036cd"),清华大学,11470,2019-04-16
ObjectId("5dfdaf7dd51a5c8eb61036ce"),清华大学,11632,2019-04-17
ObjectId("5dfdaf7dd51a5c8eb61036cf"),清华大学,11251,2019-04-18
ObjectId("5dfdaf7dd51a5c8eb61036d0"),清华大学,11813,2019-04-19
ObjectId("5dfdaf7dd51a5c8eb61036d1"),清华大学,13873,2019-04-20
ObjectId("5dfdaf7dd51a5c8eb61036d2"),清华大学,13392,2019-04-21
ObjectId("5dfdaf7dd51a5c8eb61036d3"),清华大学,12992,2019-04-22
ObjectId("5dfdaf7dd51a5c8eb61036d4"),清华大学,12340,2019-04-23
ObjectId("5dfdaf7dd51a5c8eb61036d5"),清华大学,11238,2019-04-24
ObjectId("5dfdaf7dd51a5c8eb61036d6"),清华大学,11572,2019-04-25
ObjectId("5dfdaf7dd51a5c8eb61036d7"),清华大学,15470,2019-04-26
ObjectId("5dfdaf7dd51a5c8eb61036d8"),清华大学,14790,2019-04-27
ObjectId("5dfdaf7dd51a5c8eb61036d9"),清华大学,16047,2019-04-28
ObjectId("5dfdaf7dd51a5c8eb61036da"),清华大学,13149,2019-04-29
ObjectId("5dfdaf7dd51a5c8eb61036db"),清华大学,14243,2019-04-30
ObjectId("5dfdaf7dd51a5c8eb61036dc"),清华大学,14557,2019-05-01
ObjectId("5dfdaf7dd51a5c8eb61036dd"),清华大学,17416,2019-05-02
ObjectId("5dfdaf7dd51a5c8eb61036de"),清华大学,15380,2019-05-03
ObjectId("5dfdaf7dd51a5c8eb61036df"),清华大学,14251,2019-05-04
ObjectId("5dfdaf7dd51a5c8eb61036e0"),清华大学,13144,2019-05-05
ObjectId("5dfdaf7dd51a5c8eb61036e1"),清华大学,12665,2019-05-06
ObjectId("5dfdaf7dd51a5c8eb61036e2"),清华大学,12538,2019-05-07
ObjectId("5dfdaf7dd51a5c8eb61036e3"),清华大学,12734,2019-05-08
ObjectId("5dfdaf7dd51a5c8eb61036e4"),清华大学,12799,2019-05-09
ObjectId("5dfdaf7dd51a5c8eb61036e5"),清华大学,12697,2019-05-10
ObjectId("5dfdaf7dd51a5c8eb61036e6"),清华大学,13738,2019-05-11
ObjectId("5dfdaf7dd51a5c8eb61036e7"),清华大学,13037,2019-05-12
ObjectId("5dfdaf7dd51a5c8eb61036e8"),清华大学,12999,2019-05-13
ObjectId("5dfdaf7dd51a5c8eb61036e9"),清华大学,13421,2019-05-14
ObjectId("5dfdaf7dd51a5c8eb61036ea"),清华大学,14796,2019-05-15
ObjectId("5dfdaf7dd51a5c8eb61036eb"),清华大学,13651,2019-05-16
ObjectId("5dfdaf7dd51a5c8eb61036ec"),清华大学,12942,2019-05-17
ObjectId("5dfdaf7dd51a5c8eb61036ed"),清华大学,13801,2019-05-18
ObjectId("5dfdaf7dd51a5c8eb61036ee"),清华大学,13639,2019-05-19
ObjectId("5dfdaf7dd51a5c8eb61036ef"),清华大学,12510,2019-05-20
ObjectId("5dfdaf7dd51a5c8eb61036f0"),清华大学,12443,2019-05-21
ObjectId("5dfdaf7dd51a5c8eb61036f1"),清华大学,12288,2019-05-22
ObjectId("5dfdaf7dd51a5c8eb61036f2"),清华大学,12509,2019-05-23
ObjectId("5dfdaf7dd51a5c8eb61036f3"),清华大学,12107,2019-05-24
ObjectId("5dfdaf7dd51a5c8eb61036f4"),清华大学,12062,2019-05-25
ObjectId("5dfdaf7dd51a5c8eb61036f5"),清华大学,11790,2019-05-26
ObjectId("5dfdaf7dd51a5c8eb61036f6"),清华大学,11107,2019-05-27
ObjectId("5dfdaf7dd51a5c8eb61036f7"),清华大学,10808,2019-05-28
ObjectId("5dfdaf7dd51a5c8eb61036f8"),清华大学,11359,2019-05-29
ObjectId("5dfdaf7dd51a5c8eb61036f9"),清华大学,11340,2019-05-30
ObjectId("5dfdaf7dd51a5c8eb61036fa"),清华大学,14446,2019-05-31
ObjectId("5dfdaf7dd51a5c8eb61036fb"),清华大学,12906,2019-06-01
ObjectId("5dfdaf7dd51a5c8eb61036fc"),清华大学,12012,2019-06-02
ObjectId("5dfdaf7dd51a5c8eb61036fd"),清华大学,14411,2019-06-03
ObjectId("5dfdaf7dd51a5c8eb61036fe"),清华大学,13208,2019-06-04
ObjectId("5dfdaf7dd51a5c8eb61036ff"),清华大学,14473,2019-06-05
ObjectId("5dfdaf7dd51a5c8eb6103700"),清华大学,19127,2019-06-06
ObjectId("5dfdaf7dd51a5c8eb6103701"),清华大学,23574,2019-06-07
ObjectId("5dfdaf7dd51a5c8eb6103702"),清华大学,21302,2019-06-08
ObjectId("5dfdaf7dd51a5c8eb6103703"),清华大学,21340,2019-06-09
ObjectId("5dfdaf7dd51a5c8eb6103704"),清华大学,19054,2019-06-10
ObjectId("5dfdaf7dd51a5c8eb6103705"),清华大学,17798,2019-06-11
ObjectId("5dfdaf7dd51a5c8eb6103706"),清华大学,17500,2019-06-12
ObjectId("5dfdaf7dd51a5c8eb6103707"),清华大学,17582,2019-06-13
ObjectId("5dfdaf7dd51a5c8eb6103708"),清华大学,17004,2019-06-14
ObjectId("5dfdaf7dd51a5c8eb6103709"),清华大学,17340,2019-06-15
ObjectId("5dfdaf7dd51a5c8eb610370a"),清华大学,16975,2019-06-16
ObjectId("5dfdaf7dd51a5c8eb610370b"),清华大学,16050,2019-06-17
ObjectId("5dfdaf7dd51a5c8eb610370c"),清华大学,14144,2019-06-18
ObjectId("5dfdaf7dd51a5c8eb610370d"),清华大学,18131,2019-06-19
ObjectId("5dfdaf7dd51a5c8eb610370e"),清华大学,18534,2019-06-20
ObjectId("5dfdaf7dd51a5c8eb610370f"),清华大学,18414,2019-06-21
ObjectId("5dfdaf7dd51a5c8eb6103710"),清华大学,27836,2019-06-22
ObjectId("5dfdaf7dd51a5c8eb6103711"),清华大学,62049,2019-06-23
ObjectId("5dfdaf7dd51a5c8eb6103712"),清华大学,69393,2019-06-24
ObjectId("5dfdaf7dd51a5c8eb6103713"),清华大学,61884,2019-06-25
ObjectId("5dfdaf7dd51a5c8eb6103714"),清华大学,51570,2019-06-26
ObjectId("5dfdaf7dd51a5c8eb6103715"),清华大学,42749,2019-06-27
ObjectId("5dfdaf7dd51a5c8eb6103716"),清华大学,35968,2019-06-28
ObjectId("5dfdaf7dd51a5c8eb6103717"),清华大学,31968,2019-06-29
ObjectId("5dfdaf7dd51a5c8eb6103718"),清华大学,28600,2019-06-30
ObjectId("5dfdaf7dd51a5c8eb6103719"),清华大学,26488,2019-07-01
ObjectId("5dfdaf7dd51a5c8eb610371a"),清华大学,27099,2019-07-02
ObjectId("5dfdaf7dd51a5c8eb610371b"),清华大学,23600,2019-07-03
ObjectId("5dfdaf7dd51a5c8eb610371c"),清华大学,23987,2019-07-04
ObjectId("5dfdaf7dd51a5c8eb610371d"),清华大学,22532,2019-07-05
ObjectId("5dfdaf7dd51a5c8eb610371e"),清华大学,21756,2019-07-06
ObjectId("5dfdaf7dd51a5c8eb610371f"),清华大学,22164,2019-07-07
ObjectId("5dfdaf7dd51a5c8eb6103720"),清华大学,23315,2019-07-08
ObjectId("5dfdaf7dd51a5c8eb6103721"),清华大学,23392,2019-07-09
ObjectId("5dfdaf7dd51a5c8eb6103722"),清华大学,22596,2019-07-10
ObjectId("5dfdaf7dd51a5c8eb6103723"),清华大学,23029,2019-07-11
ObjectId("5dfdaf7dd51a5c8eb6103724"),清华大学,24025,2019-07-12
ObjectId("5dfdaf7dd51a5c8eb6103725"),清华大学,22329,2019-07-13
ObjectId("5dfdaf7dd51a5c8eb6103726"),清华大学,22226,2019-07-14
ObjectId("5dfdaf7dd51a5c8eb6103727"),清华大学,23323,2019-07-15
ObjectId("5dfdaf7dd51a5c8eb6103728"),清华大学,22756,2019-07-16
ObjectId("5dfdaf7dd51a5c8eb6103729"),清华大学,23153,2019-07-17
ObjectId("5dfdaf7dd51a5c8eb610372a"),清华大学,23127,2019-07-18
ObjectId("5dfdaf7dd51a5c8eb610372b"),清华大学,25470,2019-07-19
ObjectId("5dfdaf7dd51a5c8eb610372c"),清华大学,25401,2019-07-20
ObjectId("5dfdaf7dd51a5c8eb610372d"),清华大学,25816,2019-07-21
ObjectId("5dfdaf7dd51a5c8eb610372e"),清华大学,26622,2019-07-22
ObjectId("5dfdaf7dd51a5c8eb610372f"),清华大学,25576,2019-07-23
ObjectId("5dfdaf7dd51a5c8eb6103730"),清华大学,25313,2019-07-24
ObjectId("5dfdaf7dd51a5c8eb6103731"),清华大学,24321,2019-07-25
ObjectId("5dfdaf7dd51a5c8eb6103732"),清华大学,24118,2019-07-26
ObjectId("5dfdaf7dd51a5c8eb6103733"),清华大学,23011,2019-07-27
ObjectId("5dfdaf7dd51a5c8eb6103734"),清华大学,23050,2019-07-28
ObjectId("5dfdaf7dd51a5c8eb6103735"),清华大学,23579,2019-07-29
ObjectId("5dfdaf7dd51a5c8eb6103736"),清华大学,23399,2019-07-30
ObjectId("5dfdaf7dd51a5c8eb6103737"),清华大学,21909,2019-07-31
ObjectId("5dfdaf7dd51a5c8eb6103738"),清华大学,21347,2019-08-01
ObjectId("5dfdaf7dd51a5c8eb6103739"),清华大学,21466,2019-08-02
ObjectId("5dfdaf7dd51a5c8eb610373a"),清华大学,21035,2019-08-03
ObjectId("5dfdaf7dd51a5c8eb610373b"),清华大学,20640,2019-08-04
ObjectId("5dfdaf7dd51a5c8eb610373c"),清华大学,20644,2019-08-05
ObjectId("5dfdaf7dd51a5c8eb610373d"),清华大学,19352,2019-08-06
ObjectId("5dfdaf7dd51a5c8eb610373e"),清华大学,18336,2019-08-07
ObjectId("5dfdaf7dd51a5c8eb610373f"),清华大学,19151,2019-08-08
ObjectId("5dfdaf7dd51a5c8eb6103740"),清华大学,19778,2019-08-09
ObjectId("5dfdaf7dd51a5c8eb6103741"),清华大学,18689,2019-08-10
ObjectId("5dfdaf7dd51a5c8eb6103742"),清华大学,20681,2019-08-11
ObjectId("5dfdaf7dd51a5c8eb6103743"),清华大学,22112,2019-08-12
ObjectId("5dfdaf7dd51a5c8eb6103744"),清华大学,21116,2019-08-13
ObjectId("5dfdaf7dd51a5c8eb6103745"),清华大学,24668,2019-08-14
ObjectId("5dfdaf7dd51a5c8eb6103746"),清华大学,30953,2019-08-15
ObjectId("5dfdaf7dd51a5c8eb6103747"),清华大学,25084,2019-08-16
ObjectId("5dfdaf7dd51a5c8eb6103748"),清华大学,26864,2019-08-17
ObjectId("5dfdaf7dd51a5c8eb6103749"),清华大学,27279,2019-08-18
ObjectId("5dfdaf7dd51a5c8eb610374a"),清华大学,25793,2019-08-19
ObjectId("5dfdaf7dd51a5c8eb610374b"),清华大学,23813,2019-08-20
ObjectId("5dfdaf7dd51a5c8eb610374c"),清华大学,23555,2019-08-21
ObjectId("5dfdaf7dd51a5c8eb610374d"),清华大学,23586,2019-08-22
ObjectId("5dfdaf7dd51a5c8eb610374e"),清华大学,22702,2019-08-23
ObjectId("5dfdaf7dd51a5c8eb610374f"),清华大学,21894,2019-08-24
ObjectId("5dfdaf7dd51a5c8eb6103750"),清华大学,24119,2019-08-25
ObjectId("5dfdaf7dd51a5c8eb6103751"),清华大学,23132,2019-08-26
ObjectId("5dfdaf7dd51a5c8eb6103752"),清华大学,22951,2019-08-27
ObjectId("5dfdaf7dd51a5c8eb6103753"),清华大学,22741,2019-08-28
ObjectId("5dfdaf7dd51a5c8eb6103754"),清华大学,21464,2019-08-29
ObjectId("5dfdaf7dd51a5c8eb6103755"),清华大学,21310,2019-08-30
ObjectId("5dfdaf7dd51a5c8eb6103756"),清华大学,20480,2019-08-31
ObjectId("5dfdaf7dd51a5c8eb6103757"),清华大学,19779,2019-09-01
ObjectId("5dfdaf7dd51a5c8eb6103758"),清华大学,16159,2019-09-02
ObjectId("5dfdaf7dd51a5c8eb6103759"),清华大学,15013,2019-09-03
ObjectId("5dfdaf7dd51a5c8eb610375a"),清华大学,15459,2019-09-04
ObjectId("5dfdaf7dd51a5c8eb610375b"),清华大学,14960,2019-09-05
ObjectId("5dfdaf7dd51a5c8eb610375c"),清华大学,15740,2019-09-06
ObjectId("5dfdaf7dd51a5c8eb610375d"),清华大学,17573,2019-09-07
ObjectId("5dfdaf7dd51a5c8eb610375e"),清华大学,16613,2019-09-08
ObjectId("5dfdaf7dd51a5c8eb610375f"),清华大学,15236,2019-09-09
ObjectId("5dfdaf7dd51a5c8eb6103760"),清华大学,13547,2019-09-10
ObjectId("5dfdaf7dd51a5c8eb6103761"),清华大学,12943,2019-09-11
ObjectId("5dfdaf7dd51a5c8eb6103762"),清华大学,15269,2019-09-12
ObjectId("5dfdaf7dd51a5c8eb6103763"),清华大学,15173,2019-09-13
ObjectId("5dfdaf7dd51a5c8eb6103764"),清华大学,16720,2019-09-14
ObjectId("5dfdaf7dd51a5c8eb6103765"),清华大学,14599,2019-09-15
ObjectId("5dfdaf7dd51a5c8eb6103766"),清华大学,14093,2019-09-16
ObjectId("5dfdaf7dd51a5c8eb6103767"),清华大学,13670,2019-09-17
ObjectId("5dfdaf7dd51a5c8eb6103768"),清华大学,13579,2019-09-18
ObjectId("5dfdaf7dd51a5c8eb6103769"),清华大学,12807,2019-09-19
ObjectId("5dfdaf7dd51a5c8eb610376a"),清华大学,12643,2019-09-20
ObjectId("5dfdaf7dd51a5c8eb610376b"),清华大学,13406,2019-09-21
ObjectId("5dfdaf7dd51a5c8eb610376c"),清华大学,13516,2019-09-22
ObjectId("5dfdaf7dd51a5c8eb610376d"),清华大学,12733,2019-09-23
ObjectId("5dfdaf7dd51a5c8eb610376e"),清华大学,12442,2019-09-24
ObjectId("5dfdaf7dd51a5c8eb610376f"),清华大学,12054,2019-09-25
ObjectId("5dfdaf7dd51a5c8eb6103770"),清华大学,11799,2019-09-26
ObjectId("5dfdaf7dd51a5c8eb6103771"),清华大学,11811,2019-09-27
ObjectId("5dfdaf7dd51a5c8eb6103772"),清华大学,12852,2019-09-28
ObjectId("5dfdaf7dd51a5c8eb6103773"),清华大学,12946,2019-09-29
ObjectId("5dfdaf7dd51a5c8eb6103774"),清华大学,14578,2019-09-30
ObjectId("5dfdaf7dd51a5c8eb6103775"),清华大学,24864,2019-10-01
ObjectId("5dfdaf7dd51a5c8eb6103776"),清华大学,18416,2019-10-02
ObjectId("5dfdaf7dd51a5c8eb6103777"),清华大学,16098,2019-10-03
ObjectId("5dfdaf7dd51a5c8eb6103778"),清华大学,15190,2019-10-04
ObjectId("5dfdaf7dd51a5c8eb6103779"),清华大学,14247,2019-10-05
ObjectId("5dfdaf7dd51a5c8eb610377a"),清华大学,13611,2019-10-06
ObjectId("5dfdaf7dd51a5c8eb610377b"),清华大学,12186,2019-10-07
ObjectId("5dfdaf7dd51a5c8eb610377c"),清华大学,11753,2019-10-08
ObjectId("5dfdaf7dd51a5c8eb610377d"),清华大学,11608,2019-10-09
ObjectId("5dfdaf7dd51a5c8eb610377e"),清华大学,12167,2019-10-10
ObjectId("5dfdaf7dd51a5c8eb610377f"),清华大学,11078,2019-10-11
ObjectId("5dfdaf7dd51a5c8eb6103780"),清华大学,12228,2019-10-12
ObjectId("5dfdaf7dd51a5c8eb6103781"),清华大学,10953,2019-10-13
ObjectId("5dfdaf7dd51a5c8eb6103782"),清华大学,10570,2019-10-14
ObjectId("5dfdaf7dd51a5c8eb6103783"),清华大学,11029,2019-10-15
ObjectId("5dfdaf7dd51a5c8eb6103784"),清华大学,11421,2019-10-16
ObjectId("5dfdaf7dd51a5c8eb6103785"),清华大学,12095,2019-10-17
ObjectId("5dfdaf7dd51a5c8eb6103786"),清华大学,11649,2019-10-18
ObjectId("5dfdaf7dd51a5c8eb6103787"),清华大学,12803,2019-10-19
ObjectId("5dfdaf7dd51a5c8eb6103788"),清华大学,12885,2019-10-20
ObjectId("5dfdaf7dd51a5c8eb6103789"),清华大学,11684,2019-10-21
ObjectId("5dfdaf7dd51a5c8eb610378a"),清华大学,11370,2019-10-22
ObjectId("5dfdaf7ed51a5c8eb610378b"),清华大学,11060,2019-10-23
ObjectId("5dfdaf7ed51a5c8eb610378c"),清华大学,10824,2019-10-24
ObjectId("5dfdaf7ed51a5c8eb610378d"),清华大学,10098,2019-10-25
ObjectId("5dfdaf7ed51a5c8eb610378e"),清华大学,12049,2019-10-26
ObjectId("5dfdaf7ed51a5c8eb610378f"),清华大学,11570,2019-10-27
ObjectId("5dfdaf7ed51a5c8eb6103790"),清华大学,11481,2019-10-28
ObjectId("5dfdaf7ed51a5c8eb6103791"),清华大学,11100,2019-10-29
ObjectId("5dfdaf7ed51a5c8eb6103792"),清华大学,10687,2019-10-30
ObjectId("5dfdaf7ed51a5c8eb6103793"),清华大学,11274,2019-10-31
ObjectId("5dfdaf7ed51a5c8eb6103794"),清华大学,11484,2019-11-01
ObjectId("5dfdaf7ed51a5c8eb6103795"),清华大学,12737,2019-11-02
ObjectId("5dfdaf7ed51a5c8eb6103796"),清华大学,12098,2019-11-03
ObjectId("5dfdaf7ed51a5c8eb6103797"),清华大学,10845,2019-11-04
ObjectId("5dfdaf7ed51a5c8eb6103798"),清华大学,10909,2019-11-05
ObjectId("5dfdaf7ed51a5c8eb6103799"),清华大学,11292,2019-11-06
ObjectId("5dfdaf7ed51a5c8eb610379a"),清华大学,11059,2019-11-07
ObjectId("5dfdaf7ed51a5c8eb610379b"),清华大学,11438,2019-11-08
ObjectId("5dfdaf7ed51a5c8eb610379c"),清华大学,12241,2019-11-09
ObjectId("5dfdaf7ed51a5c8eb610379d"),清华大学,11287,2019-11-10
ObjectId("5dfdaf7ed51a5c8eb610379e"),清华大学,9740,2019-11-11
ObjectId("5dfdaf7ed51a5c8eb610379f"),清华大学,10525,2019-11-12
ObjectId("5dfdaf7ed51a5c8eb61037a0"),清华大学,10368,2019-11-13
ObjectId("5dfdaf7ed51a5c8eb61037a1"),清华大学,10369,2019-11-14
ObjectId("5dfdaf7ed51a5c8eb61037a2"),清华大学,11623,2019-11-15
ObjectId("5dfdaf7ed51a5c8eb61037a3"),清华大学,12655,2019-11-16
ObjectId("5dfdaf7ed51a5c8eb61037a4"),清华大学,12570,2019-11-17
ObjectId("5dfdaf7ed51a5c8eb61037a5"),清华大学,10501,2019-11-18
ObjectId("5dfdaf7ed51a5c8eb61037a6"),清华大学,9927,2019-11-19
ObjectId("5dfdaf7ed51a5c8eb61037a7"),清华大学,10314,2019-11-20
ObjectId("5dfdaf7ed51a5c8eb61037a8"),清华大学,9313,2019-11-21
ObjectId("5dfdaf7ed51a5c8eb61037a9"),清华大学,8554,2019-11-22
ObjectId("5dfdaf7ed51a5c8eb61037aa"),清华大学,10862,2019-11-23
ObjectId("5dfdaf7ed51a5c8eb61037ab"),清华大学,10727,2019-11-24
ObjectId("5dfdaf7ed51a5c8eb61037ac"),清华大学,8595,2019-11-25
ObjectId("5dfdaf7ed51a5c8eb61037ad"),清华大学,8348,2019-11-26
ObjectId("5dfdaf7ed51a5c8eb61037ae"),清华大学,8043,2019-11-27
ObjectId("5dfdaf7ed51a5c8eb61037af"),清华大学,7966,2019-11-28
ObjectId("5dfdaf7ed51a5c8eb61037b0"),清华大学,8776,2019-11-29
ObjectId("5dfdaf7ed51a5c8eb61037b1"),清华大学,10911,2019-11-30
ObjectId("5dfdaf7ed51a5c8eb61037b2"),清华大学,10303,2019-12-01
ObjectId("5dfdaf7ed51a5c8eb61037b3"),清华大学,7720,2019-12-02
ObjectId("5dfdaf7ed51a5c8eb61037b4"),清华大学,7890,2019-12-03
ObjectId("5dfdaf7ed51a5c8eb61037b5"),清华大学,7910,2019-12-04
ObjectId("5dfdaf7ed51a5c8eb61037b6"),清华大学,8029,2019-12-05
ObjectId("5dfdaf7ed51a5c8eb61037b7"),清华大学,8957,2019-12-06
ObjectId("5dfdaf7ed51a5c8eb61037b8"),清华大学,10650,2019-12-07
ObjectId("5dfdaf7ed51a5c8eb61037b9"),清华大学,10195,2019-12-08
ObjectId("5dfdaf7ed51a5c8eb61037ba"),清华大学,9263,2019-12-09
ObjectId("5dfdaf7ed51a5c8eb61037bb"),清华大学,8834,2019-12-10
ObjectId("5dfdaf7ed51a5c8eb61037bc"),清华大学,9338,2019-12-11
ObjectId("5dfdaf7ed51a5c8eb61037bd"),清华大学,7732,2019-12-12
ObjectId("5dfdaf7ed51a5c8eb61037be"),清华大学,8968,2019-12-13
ObjectId("5dfdaf7ed51a5c8eb61037bf"),清华大学,14427,2019-12-14
ObjectId("5dfdaf7ed51a5c8eb61037c0"),清华大学,10596,2019-12-15
ObjectId("5dfdaf7ed51a5c8eb61037c1"),清华大学,9322,2019-12-16
ObjectId("5dfdaf7ed51a5c8eb61037c2"),清华大学,8877,2019-12-17
ObjectId("5dfdaf7ed51a5c8eb61037c3"),清华大学,8732,2019-12-18
ObjectId("5dfdaf7ed51a5c8eb61037c4"),清华大学,9947,2019-12-19
ObjectId("5dfdaf7fd51a5c8eb61037c5"),北京大学,11790,2019-01-01
ObjectId("5dfdaf7fd51a5c8eb61037c6"),北京大学,10682,2019-01-02
ObjectId("5dfdaf7fd51a5c8eb61037c7"),北京大学,10756,2019-01-03
ObjectId("5dfdaf7fd51a5c8eb61037c8"),北京大学,11523,2019-01-04
ObjectId("5dfdaf7fd51a5c8eb61037c9"),北京大学,13020,2019-01-05
ObjectId("5dfdaf7fd51a5c8eb61037ca"),北京大学,13119,2019-01-06
ObjectId("5dfdaf7fd51a5c8eb61037cb"),北京大学,12792,2019-01-07
ObjectId("5dfdaf7fd51a5c8eb61037cc"),北京大学,13131,2019-01-08
ObjectId("5dfdaf7fd51a5c8eb61037cd"),北京大学,12185,2019-01-09
ObjectId("5dfdaf7fd51a5c8eb61037ce"),北京大学,11684,2019-01-10
ObjectId("5dfdaf7fd51a5c8eb61037cf"),北京大学,11965,2019-01-11
ObjectId("5dfdaf7fd51a5c8eb61037d0"),北京大学,13130,2019-01-12
ObjectId("5dfdaf7fd51a5c8eb61037d1"),北京大学,12261,2019-01-13
ObjectId("5dfdaf7fd51a5c8eb61037d2"),北京大学,11682,2019-01-14
ObjectId("5dfdaf7fd51a5c8eb61037d3"),北京大学,10616,2019-01-15
ObjectId("5dfdaf7fd51a5c8eb61037d4"),北京大学,11189,2019-01-16
ObjectId("5dfdaf7fd51a5c8eb61037d5"),北京大学,11604,2019-01-17
ObjectId("5dfdaf7fd51a5c8eb61037d6"),北京大学,11117,2019-01-18
ObjectId("5dfdaf7fd51a5c8eb61037d7"),北京大学,9764,2019-01-19
ObjectId("5dfdaf7fd51a5c8eb61037d8"),北京大学,10943,2019-01-20
ObjectId("5dfdaf7fd51a5c8eb61037d9"),北京大学,10957,2019-01-21
ObjectId("5dfdaf7fd51a5c8eb61037da"),北京大学,11139,2019-01-22
ObjectId("5dfdaf7fd51a5c8eb61037db"),北京大学,11951,2019-01-23
ObjectId("5dfdaf7fd51a5c8eb61037dc"),北京大学,11745,2019-01-24
ObjectId("5dfdaf7fd51a5c8eb61037dd"),北京大学,10949,2019-01-25
ObjectId("5dfdaf7fd51a5c8eb61037de"),北京大学,10463,2019-01-26
ObjectId("5dfdaf7fd51a5c8eb61037df"),北京大学,10339,2019-01-27
ObjectId("5dfdaf7fd51a5c8eb61037e0"),北京大学,10492,2019-01-28
ObjectId("5dfdaf7fd51a5c8eb61037e1"),北京大学,10457,2019-01-29
ObjectId("5dfdaf7fd51a5c8eb61037e2"),北京大学,10525,2019-01-30
ObjectId("5dfdaf7fd51a5c8eb61037e3"),北京大学,10714,2019-01-31
ObjectId("5dfdaf7fd51a5c8eb61037e4"),北京大学,9740,2019-02-01
ObjectId("5dfdaf7fd51a5c8eb61037e5"),北京大学,9242,2019-02-02
ObjectId("5dfdaf7fd51a5c8eb61037e6"),北京大学,8739,2019-02-03
ObjectId("5dfdaf7fd51a5c8eb61037e7"),北京大学,6368,2019-02-04
ObjectId("5dfdaf7fd51a5c8eb61037e8"),北京大学,6444,2019-02-05
ObjectId("5dfdaf7fd51a5c8eb61037e9"),北京大学,10786,2019-02-06
ObjectId("5dfdaf7fd51a5c8eb61037ea"),北京大学,12189,2019-02-07
ObjectId("5dfdaf7fd51a5c8eb61037eb"),北京大学,12964,2019-02-08
ObjectId("5dfdaf7fd51a5c8eb61037ec"),北京大学,13644,2019-02-09
ObjectId("5dfdaf7fd51a5c8eb61037ed"),北京大学,14027,2019-02-10
ObjectId("5dfdaf7fd51a5c8eb61037ee"),北京大学,14651,2019-02-11
ObjectId("5dfdaf7fd51a5c8eb61037ef"),北京大学,15550,2019-02-12
ObjectId("5dfdaf7fd51a5c8eb61037f0"),北京大学,14801,2019-02-13
ObjectId("5dfdaf7fd51a5c8eb61037f1"),北京大学,15015,2019-02-14
ObjectId("5dfdaf7fd51a5c8eb61037f2"),北京大学,20838,2019-02-15
ObjectId("5dfdaf7fd51a5c8eb61037f3"),北京大学,19124,2019-02-16
ObjectId("5dfdaf7fd51a5c8eb61037f4"),北京大学,15885,2019-02-17
ObjectId("5dfdaf7fd51a5c8eb61037f5"),北京大学,18696,2019-02-18
ObjectId("5dfdaf7fd51a5c8eb61037f6"),北京大学,16531,2019-02-19
ObjectId("5dfdaf7fd51a5c8eb61037f7"),北京大学,14495,2019-02-20
ObjectId("5dfdaf7fd51a5c8eb61037f8"),北京大学,13755,2019-02-21
ObjectId("5dfdaf7fd51a5c8eb61037f9"),北京大学,13922,2019-02-22
ObjectId("5dfdaf7fd51a5c8eb61037fa"),北京大学,13991,2019-02-23
ObjectId("5dfdaf7fd51a5c8eb61037fb"),北京大学,13865,2019-02-24
ObjectId("5dfdaf7fd51a5c8eb61037fc"),北京大学,13916,2019-02-25
ObjectId("5dfdaf7fd51a5c8eb61037fd"),北京大学,14071,2019-02-26
ObjectId("5dfdaf7fd51a5c8eb61037fe"),北京大学,14121,2019-02-27
ObjectId("5dfdaf7fd51a5c8eb61037ff"),北京大学,14170,2019-02-28
ObjectId("5dfdaf7fd51a5c8eb6103800"),北京大学,14008,2019-03-01
ObjectId("5dfdaf7fd51a5c8eb6103801"),北京大学,15315,2019-03-02
ObjectId("5dfdaf7fd51a5c8eb6103802"),北京大学,15088,2019-03-03
ObjectId("5dfdaf7fd51a5c8eb6103803"),北京大学,14051,2019-03-04
ObjectId("5dfdaf7fd51a5c8eb6103804"),北京大学,14614,2019-03-05
ObjectId("5dfdaf7fd51a5c8eb6103805"),北京大学,12966,2019-03-06
ObjectId("5dfdaf7fd51a5c8eb6103806"),北京大学,12565,2019-03-07
ObjectId("5dfdaf7fd51a5c8eb6103807"),北京大学,12159,2019-03-08
ObjectId("5dfdaf7fd51a5c8eb6103808"),北京大学,14470,2019-03-09
ObjectId("5dfdaf7fd51a5c8eb6103809"),北京大学,13638,2019-03-10
ObjectId("5dfdaf7fd51a5c8eb610380a"),北京大学,12480,2019-03-11
ObjectId("5dfdaf7fd51a5c8eb610380b"),北京大学,12102,2019-03-12
ObjectId("5dfdaf7fd51a5c8eb610380c"),北京大学,12821,2019-03-13
ObjectId("5dfdaf7fd51a5c8eb610380d"),北京大学,12756,2019-03-14
ObjectId("5dfdaf7fd51a5c8eb610380e"),北京大学,14796,2019-03-15
ObjectId("5dfdaf7fd51a5c8eb610380f"),北京大学,14854,2019-03-16
ObjectId("5dfdaf7fd51a5c8eb6103810"),北京大学,14148,2019-03-17
ObjectId("5dfdaf7fd51a5c8eb6103811"),北京大学,13999,2019-03-18
ObjectId("5dfdaf7fd51a5c8eb6103812"),北京大学,13617,2019-03-19
ObjectId("5dfdaf7fd51a5c8eb6103813"),北京大学,13756,2019-03-20
ObjectId("5dfdaf7fd51a5c8eb6103814"),北京大学,14001,2019-03-21
ObjectId("5dfdaf7fd51a5c8eb6103815"),北京大学,13649,2019-03-22
ObjectId("5dfdaf7fd51a5c8eb6103816"),北京大学,13868,2019-03-23
ObjectId("5dfdaf7fd51a5c8eb6103817"),北京大学,14102,2019-03-24
ObjectId("5dfdaf7fd51a5c8eb6103818"),北京大学,13774,2019-03-25
ObjectId("5dfdaf7fd51a5c8eb6103819"),北京大学,13573,2019-03-26
ObjectId("5dfdaf7fd51a5c8eb610381a"),北京大学,13349,2019-03-27
ObjectId("5dfdaf7fd51a5c8eb610381b"),北京大学,13593,2019-03-28
ObjectId("5dfdaf7fd51a5c8eb610381c"),北京大学,14833,2019-03-29
ObjectId("5dfdaf7fd51a5c8eb610381d"),北京大学,14195,2019-03-30
ObjectId("5dfdaf7fd51a5c8eb610381e"),北京大学,13660,2019-03-31
ObjectId("5dfdaf7fd51a5c8eb610381f"),北京大学,13258,2019-04-01
ObjectId("5dfdaf7fd51a5c8eb6103820"),北京大学,13194,2019-04-02
ObjectId("5dfdaf7fd51a5c8eb6103821"),北京大学,13235,2019-04-03
ObjectId("5dfdaf7fd51a5c8eb6103822"),北京大学,14376,2019-04-04
ObjectId("5dfdaf7fd51a5c8eb6103823"),北京大学,14625,2019-04-05
ObjectId("5dfdaf7fd51a5c8eb6103824"),北京大学,13393,2019-04-06
ObjectId("5dfdaf7fd51a5c8eb6103825"),北京大学,12499,2019-04-07
ObjectId("5dfdaf7fd51a5c8eb6103826"),北京大学,12972,2019-04-08
ObjectId("5dfdaf7fd51a5c8eb6103827"),北京大学,13384,2019-04-09
ObjectId("5dfdaf7fd51a5c8eb6103828"),北京大学,12699,2019-04-10
ObjectId("5dfdaf7fd51a5c8eb6103829"),北京大学,12265,2019-04-11
ObjectId("5dfdaf7fd51a5c8eb610382a"),北京大学,12449,2019-04-12
ObjectId("5dfdaf7fd51a5c8eb610382b"),北京大学,12642,2019-04-13
ObjectId("5dfdaf7fd51a5c8eb610382c"),北京大学,12314,2019-04-14
ObjectId("5dfdaf7fd51a5c8eb610382d"),北京大学,12283,2019-04-15
ObjectId("5dfdaf7fd51a5c8eb610382e"),北京大学,11732,2019-04-16
ObjectId("5dfdaf7fd51a5c8eb610382f"),北京大学,11685,2019-04-17
ObjectId("5dfdaf7fd51a5c8eb6103830"),北京大学,11546,2019-04-18
ObjectId("5dfdaf7fd51a5c8eb6103831"),北京大学,11825,2019-04-19
ObjectId("5dfdaf7fd51a5c8eb6103832"),北京大学,13020,2019-04-20
ObjectId("5dfdaf7fd51a5c8eb6103833"),北京大学,12538,2019-04-21
ObjectId("5dfdaf7fd51a5c8eb6103834"),北京大学,12202,2019-04-22
ObjectId("5dfdaf7fd51a5c8eb6103835"),北京大学,11307,2019-04-23
ObjectId("5dfdaf7fd51a5c8eb6103836"),北京大学,10424,2019-04-24
ObjectId("5dfdaf7fd51a5c8eb6103837"),北京大学,10919,2019-04-25
ObjectId("5dfdaf7fd51a5c8eb6103838"),北京大学,12524,2019-04-26
ObjectId("5dfdaf7fd51a5c8eb6103839"),北京大学,11976,2019-04-27
ObjectId("5dfdaf7fd51a5c8eb610383a"),北京大学,12196,2019-04-28
ObjectId("5dfdaf7fd51a5c8eb610383b"),北京大学,11337,2019-04-29
ObjectId("5dfdaf7fd51a5c8eb610383c"),北京大学,12527,2019-04-30
ObjectId("5dfdaf7fd51a5c8eb610383d"),北京大学,12881,2019-05-01
ObjectId("5dfdaf7fd51a5c8eb610383e"),北京大学,13668,2019-05-02
ObjectId("5dfdaf7fd51a5c8eb610383f"),北京大学,12601,2019-05-03
ObjectId("5dfdaf7fd51a5c8eb6103840"),北京大学,13884,2019-05-04
ObjectId("5dfdaf7fd51a5c8eb6103841"),北京大学,12352,2019-05-05
ObjectId("5dfdaf7fd51a5c8eb6103842"),北京大学,12308,2019-05-06
ObjectId("5dfdaf7fd51a5c8eb6103843"),北京大学,11977,2019-05-07
ObjectId("5dfdaf7fd51a5c8eb6103844"),北京大学,11859,2019-05-08
ObjectId("5dfdaf7fd51a5c8eb6103845"),北京大学,11623,2019-05-09
ObjectId("5dfdaf7fd51a5c8eb6103846"),北京大学,11511,2019-05-10
ObjectId("5dfdaf7fd51a5c8eb6103847"),北京大学,11960,2019-05-11
ObjectId("5dfdaf7fd51a5c8eb6103848"),北京大学,11453,2019-05-12
ObjectId("5dfdaf7fd51a5c8eb6103849"),北京大学,12111,2019-05-13
ObjectId("5dfdaf7fd51a5c8eb610384a"),北京大学,12087,2019-05-14
ObjectId("5dfdaf7fd51a5c8eb610384b"),北京大学,12651,2019-05-15
ObjectId("5dfdaf7fd51a5c8eb610384c"),北京大学,12017,2019-05-16
ObjectId("5dfdaf7fd51a5c8eb610384d"),北京大学,11119,2019-05-17
ObjectId("5dfdaf7fd51a5c8eb610384e"),北京大学,11417,2019-05-18
ObjectId("5dfdaf7fd51a5c8eb610384f"),北京大学,11901,2019-05-19
ObjectId("5dfdaf7fd51a5c8eb6103850"),北京大学,11630,2019-05-20
ObjectId("5dfdaf7fd51a5c8eb6103851"),北京大学,11008,2019-05-21
ObjectId("5dfdaf7fd51a5c8eb6103852"),北京大学,10681,2019-05-22
ObjectId("5dfdaf7fd51a5c8eb6103853"),北京大学,10267,2019-05-23
ObjectId("5dfdaf7fd51a5c8eb6103854"),北京大学,9802,2019-05-24
ObjectId("5dfdaf7fd51a5c8eb6103855"),北京大学,10098,2019-05-25
ObjectId("5dfdaf7fd51a5c8eb6103856"),北京大学,9550,2019-05-26
ObjectId("5dfdaf7fd51a5c8eb6103857"),北京大学,10276,2019-05-27
ObjectId("5dfdaf7fd51a5c8eb6103858"),北京大学,10689,2019-05-28
ObjectId("5dfdaf7fd51a5c8eb6103859"),北京大学,10800,2019-05-29
ObjectId("5dfdaf7fd51a5c8eb610385a"),北京大学,10546,2019-05-30
ObjectId("5dfdaf7fd51a5c8eb610385b"),北京大学,10487,2019-05-31
ObjectId("5dfdaf7fd51a5c8eb610385c"),北京大学,9937,2019-06-01
ObjectId("5dfdaf7fd51a5c8eb610385d"),北京大学,9997,2019-06-02
ObjectId("5dfdaf7fd51a5c8eb610385e"),北京大学,11982,2019-06-03
ObjectId("5dfdaf7fd51a5c8eb610385f"),北京大学,12073,2019-06-04
ObjectId("5dfdaf7fd51a5c8eb6103860"),北京大学,13014,2019-06-05
ObjectId("5dfdaf7fd51a5c8eb6103861"),北京大学,15332,2019-06-06
ObjectId("5dfdaf7fd51a5c8eb6103862"),北京大学,16581,2019-06-07
ObjectId("5dfdaf7fd51a5c8eb6103863"),北京大学,15623,2019-06-08
ObjectId("5dfdaf7fd51a5c8eb6103864"),北京大学,21352,2019-06-09
ObjectId("5dfdaf7fd51a5c8eb6103865"),北京大学,16825,2019-06-10
ObjectId("5dfdaf7fd51a5c8eb6103866"),北京大学,15332,2019-06-11
ObjectId("5dfdaf7fd51a5c8eb6103867"),北京大学,14687,2019-06-12
ObjectId("5dfdaf7fd51a5c8eb6103868"),北京大学,15307,2019-06-13
ObjectId("5dfdaf7fd51a5c8eb6103869"),北京大学,14323,2019-06-14
ObjectId("5dfdaf7fd51a5c8eb610386a"),北京大学,13139,2019-06-15
ObjectId("5dfdaf7fd51a5c8eb610386b"),北京大学,12914,2019-06-16
ObjectId("5dfdaf7fd51a5c8eb610386c"),北京大学,14097,2019-06-17
ObjectId("5dfdaf7fd51a5c8eb610386d"),北京大学,13340,2019-06-18
ObjectId("5dfdaf7fd51a5c8eb610386e"),北京大学,15043,2019-06-19
ObjectId("5dfdaf7fd51a5c8eb610386f"),北京大学,15125,2019-06-20
ObjectId("5dfdaf7fd51a5c8eb6103870"),北京大学,15342,2019-06-21
ObjectId("5dfdaf7fd51a5c8eb6103871"),北京大学,20584,2019-06-22
ObjectId("5dfdaf7fd51a5c8eb6103872"),北京大学,43587,2019-06-23
ObjectId("5dfdaf7fd51a5c8eb6103873"),北京大学,47082,2019-06-24
ObjectId("5dfdaf7fd51a5c8eb6103874"),北京大学,42039,2019-06-25
ObjectId("5dfdaf7fd51a5c8eb6103875"),北京大学,36202,2019-06-26
ObjectId("5dfdaf7fd51a5c8eb6103876"),北京大学,32659,2019-06-27
ObjectId("5dfdaf7fd51a5c8eb6103877"),北京大学,25465,2019-06-28
ObjectId("5dfdaf7fd51a5c8eb6103878"),北京大学,23302,2019-06-29
ObjectId("5dfdaf7fd51a5c8eb6103879"),北京大学,20837,2019-06-30
ObjectId("5dfdaf7fd51a5c8eb610387a"),北京大学,19988,2019-07-01
ObjectId("5dfdaf7fd51a5c8eb610387b"),北京大学,18885,2019-07-02
ObjectId("5dfdaf7fd51a5c8eb610387c"),北京大学,17121,2019-07-03
ObjectId("5dfdaf7fd51a5c8eb610387d"),北京大学,16367,2019-07-04
ObjectId("5dfdaf7fd51a5c8eb610387e"),北京大学,15669,2019-07-05
ObjectId("5dfdaf7fd51a5c8eb610387f"),北京大学,14520,2019-07-06
ObjectId("5dfdaf7fd51a5c8eb6103880"),北京大学,14202,2019-07-07
ObjectId("5dfdaf7fd51a5c8eb6103881"),北京大学,15807,2019-07-08
ObjectId("5dfdaf7fd51a5c8eb6103882"),北京大学,15704,2019-07-09
ObjectId("5dfdaf7fd51a5c8eb6103883"),北京大学,14758,2019-07-10
ObjectId("5dfdaf7fd51a5c8eb6103884"),北京大学,16612,2019-07-11
ObjectId("5dfdaf7fd51a5c8eb6103885"),北京大学,17253,2019-07-12
ObjectId("5dfdaf7fd51a5c8eb6103886"),北京大学,15543,2019-07-13
ObjectId("5dfdaf7fd51a5c8eb6103887"),北京大学,15951,2019-07-14
ObjectId("5dfdaf7fd51a5c8eb6103888"),北京大学,17068,2019-07-15
ObjectId("5dfdaf7fd51a5c8eb6103889"),北京大学,16386,2019-07-16
ObjectId("5dfdaf7fd51a5c8eb610388a"),北京大学,16620,2019-07-17
ObjectId("5dfdaf7fd51a5c8eb610388b"),北京大学,17472,2019-07-18
ObjectId("5dfdaf7fd51a5c8eb610388c"),北京大学,20112,2019-07-19
ObjectId("5dfdaf7fd51a5c8eb610388d"),北京大学,19493,2019-07-20
ObjectId("5dfdaf7fd51a5c8eb610388e"),北京大学,20132,2019-07-21
ObjectId("5dfdaf7fd51a5c8eb610388f"),北京大学,21401,2019-07-22
ObjectId("5dfdaf7fd51a5c8eb6103890"),北京大学,19558,2019-07-23
ObjectId("5dfdaf7fd51a5c8eb6103891"),北京大学,19535,2019-07-24
ObjectId("5dfdaf7fd51a5c8eb6103892"),北京大学,18669,2019-07-25
ObjectId("5dfdaf7fd51a5c8eb6103893"),北京大学,17923,2019-07-26
ObjectId("5dfdaf7fd51a5c8eb6103894"),北京大学,16962,2019-07-27
ObjectId("5dfdaf7fd51a5c8eb6103895"),北京大学,16747,2019-07-28
ObjectId("5dfdaf7fd51a5c8eb6103896"),北京大学,17715,2019-07-29
ObjectId("5dfdaf7fd51a5c8eb6103897"),北京大学,17635,2019-07-30
ObjectId("5dfdaf7fd51a5c8eb6103898"),北京大学,16587,2019-07-31
ObjectId("5dfdaf7fd51a5c8eb6103899"),北京大学,16229,2019-08-01
ObjectId("5dfdaf7fd51a5c8eb610389a"),北京大学,15890,2019-08-02
ObjectId("5dfdaf7fd51a5c8eb610389b"),北京大学,15540,2019-08-03
ObjectId("5dfdaf7fd51a5c8eb610389c"),北京大学,14688,2019-08-04
ObjectId("5dfdaf7fd51a5c8eb610389d"),北京大学,15535,2019-08-05
ObjectId("5dfdaf7fd51a5c8eb610389e"),北京大学,14334,2019-08-06
ObjectId("5dfdaf7fd51a5c8eb610389f"),北京大学,13566,2019-08-07
ObjectId("5dfdaf7fd51a5c8eb61038a0"),北京大学,15246,2019-08-08
ObjectId("5dfdaf7fd51a5c8eb61038a1"),北京大学,15719,2019-08-09
ObjectId("5dfdaf7fd51a5c8eb61038a2"),北京大学,16379,2019-08-10
ObjectId("5dfdaf7fd51a5c8eb61038a3"),北京大学,21859,2019-08-11
ObjectId("5dfdaf7fd51a5c8eb61038a4"),北京大学,20829,2019-08-12
ObjectId("5dfdaf7fd51a5c8eb61038a5"),北京大学,16791,2019-08-13
ObjectId("5dfdaf7fd51a5c8eb61038a6"),北京大学,16897,2019-08-14
ObjectId("5dfdaf7fd51a5c8eb61038a7"),北京大学,18114,2019-08-15
ObjectId("5dfdaf7fd51a5c8eb61038a8"),北京大学,15898,2019-08-16
ObjectId("5dfdaf7fd51a5c8eb61038a9"),北京大学,18066,2019-08-17
ObjectId("5dfdaf7fd51a5c8eb61038aa"),北京大学,17494,2019-08-18
ObjectId("5dfdaf7fd51a5c8eb61038ab"),北京大学,18431,2019-08-19
ObjectId("5dfdaf7fd51a5c8eb61038ac"),北京大学,16887,2019-08-20
ObjectId("5dfdaf7fd51a5c8eb61038ad"),北京大学,16644,2019-08-21
ObjectId("5dfdaf7fd51a5c8eb61038ae"),北京大学,16102,2019-08-22
ObjectId("5dfdaf7fd51a5c8eb61038af"),北京大学,15570,2019-08-23
ObjectId("5dfdaf7fd51a5c8eb61038b0"),北京大学,14499,2019-08-24
ObjectId("5dfdaf7fd51a5c8eb61038b1"),北京大学,15667,2019-08-25
ObjectId("5dfdaf7fd51a5c8eb61038b2"),北京大学,15348,2019-08-26
ObjectId("5dfdaf7fd51a5c8eb61038b3"),北京大学,15778,2019-08-27
ObjectId("5dfdaf7fd51a5c8eb61038b4"),北京大学,16275,2019-08-28
ObjectId("5dfdaf7fd51a5c8eb61038b5"),北京大学,15656,2019-08-29
ObjectId("5dfdaf7fd51a5c8eb61038b6"),北京大学,12551,2019-08-30
ObjectId("5dfdaf7fd51a5c8eb61038b7"),北京大学,13085,2019-08-31
ObjectId("5dfdaf7fd51a5c8eb61038b8"),北京大学,13444,2019-09-01
ObjectId("5dfdaf7fd51a5c8eb61038b9"),北京大学,11596,2019-09-02
ObjectId("5dfdaf7fd51a5c8eb61038ba"),北京大学,11574,2019-09-03
ObjectId("5dfdaf7fd51a5c8eb61038bb"),北京大学,12449,2019-09-04
ObjectId("5dfdaf7fd51a5c8eb61038bc"),北京大学,12657,2019-09-05
ObjectId("5dfdaf7fd51a5c8eb61038bd"),北京大学,12979,2019-09-06
ObjectId("5dfdaf7fd51a5c8eb61038be"),北京大学,14016,2019-09-07
ObjectId("5dfdaf7fd51a5c8eb61038bf"),北京大学,13961,2019-09-08
ObjectId("5dfdaf7fd51a5c8eb61038c0"),北京大学,15828,2019-09-09
ObjectId("5dfdaf7fd51a5c8eb61038c1"),北京大学,14068,2019-09-10
ObjectId("5dfdaf7fd51a5c8eb61038c2"),北京大学,12772,2019-09-11
ObjectId("5dfdaf7fd51a5c8eb61038c3"),北京大学,13027,2019-09-12
ObjectId("5dfdaf7fd51a5c8eb61038c4"),北京大学,13749,2019-09-13
ObjectId("5dfdaf7fd51a5c8eb61038c5"),北京大学,13015,2019-09-14
ObjectId("5dfdaf7fd51a5c8eb61038c6"),北京大学,11795,2019-09-15
ObjectId("5dfdaf7fd51a5c8eb61038c7"),北京大学,13233,2019-09-16
ObjectId("5dfdaf7fd51a5c8eb61038c8"),北京大学,13092,2019-09-17
ObjectId("5dfdaf7fd51a5c8eb61038c9"),北京大学,12585,2019-09-18
ObjectId("5dfdaf7fd51a5c8eb61038ca"),北京大学,11424,2019-09-19
ObjectId("5dfdaf7fd51a5c8eb61038cb"),北京大学,11393,2019-09-20
ObjectId("5dfdaf7fd51a5c8eb61038cc"),北京大学,10469,2019-09-21
ObjectId("5dfdaf7fd51a5c8eb61038cd"),北京大学,10945,2019-09-22
ObjectId("5dfdaf7fd51a5c8eb61038ce"),北京大学,11980,2019-09-23
ObjectId("5dfdaf7fd51a5c8eb61038cf"),北京大学,11987,2019-09-24
ObjectId("5dfdaf7fd51a5c8eb61038d0"),北京大学,10849,2019-09-25
ObjectId("5dfdaf7fd51a5c8eb61038d1"),北京大学,10778,2019-09-26
ObjectId("5dfdaf7fd51a5c8eb61038d2"),北京大学,10136,2019-09-27
ObjectId("5dfdaf7fd51a5c8eb61038d3"),北京大学,10088,2019-09-28
ObjectId("5dfdaf7fd51a5c8eb61038d4"),北京大学,10866,2019-09-29
ObjectId("5dfdaf7fd51a5c8eb61038d5"),北京大学,11191,2019-09-30
ObjectId("5dfdaf7fd51a5c8eb61038d6"),北京大学,13066,2019-10-01
ObjectId("5dfdaf7fd51a5c8eb61038d7"),北京大学,12242,2019-10-02
ObjectId("5dfdaf7fd51a5c8eb61038d8"),北京大学,11362,2019-10-03
ObjectId("5dfdaf7fd51a5c8eb61038d9"),北京大学,11143,2019-10-04
ObjectId("5dfdaf7fd51a5c8eb61038da"),北京大学,10915,2019-10-05
ObjectId("5dfdaf7fd51a5c8eb61038db"),北京大学,10496,2019-10-06
ObjectId("5dfdaf7fd51a5c8eb61038dc"),北京大学,10256,2019-10-07
ObjectId("5dfdaf7fd51a5c8eb61038dd"),北京大学,10354,2019-10-08
ObjectId("5dfdaf7fd51a5c8eb61038de"),北京大学,10416,2019-10-09
ObjectId("5dfdaf7fd51a5c8eb61038df"),北京大学,10769,2019-10-10
ObjectId("5dfdaf7fd51a5c8eb61038e0"),北京大学,9997,2019-10-11
ObjectId("5dfdaf7fd51a5c8eb61038e1"),北京大学,10859,2019-10-12
ObjectId("5dfdaf7fd51a5c8eb61038e2"),北京大学,10452,2019-10-13
ObjectId("5dfdaf7fd51a5c8eb61038e3"),北京大学,10737,2019-10-14
ObjectId("5dfdaf7fd51a5c8eb61038e4"),北京大学,9954,2019-10-15
ObjectId("5dfdaf7fd51a5c8eb61038e5"),北京大学,10438,2019-10-16
ObjectId("5dfdaf7fd51a5c8eb61038e6"),北京大学,10712,2019-10-17
ObjectId("5dfdaf7fd51a5c8eb61038e7"),北京大学,10742,2019-10-18
ObjectId("5dfdaf7fd51a5c8eb61038e8"),北京大学,10825,2019-10-19
ObjectId("5dfdaf7fd51a5c8eb61038e9"),北京大学,10851,2019-10-20
ObjectId("5dfdaf7fd51a5c8eb61038ea"),北京大学,10891,2019-10-21
ObjectId("5dfdaf7fd51a5c8eb61038eb"),北京大学,10371,2019-10-22
ObjectId("5dfdaf7fd51a5c8eb61038ec"),北京大学,9358,2019-10-23
ObjectId("5dfdaf7fd51a5c8eb61038ed"),北京大学,9781,2019-10-24
ObjectId("5dfdaf7fd51a5c8eb61038ee"),北京大学,8366,2019-10-25
ObjectId("5dfdaf7fd51a5c8eb61038ef"),北京大学,8538,2019-10-26
ObjectId("5dfdaf7fd51a5c8eb61038f0"),北京大学,8512,2019-10-27
ObjectId("5dfdaf7fd51a5c8eb61038f1"),北京大学,8935,2019-10-28
ObjectId("5dfdaf7fd51a5c8eb61038f2"),北京大学,8762,2019-10-29
ObjectId("5dfdaf7fd51a5c8eb61038f3"),北京大学,9391,2019-10-30
ObjectId("5dfdaf7fd51a5c8eb61038f4"),北京大学,9479,2019-10-31
ObjectId("5dfdaf7fd51a5c8eb61038f5"),北京大学,9525,2019-11-01
ObjectId("5dfdaf7fd51a5c8eb61038f6"),北京大学,10410,2019-11-02
ObjectId("5dfdaf7fd51a5c8eb61038f7"),北京大学,9677,2019-11-03
ObjectId("5dfdaf7fd51a5c8eb61038f8"),北京大学,9511,2019-11-04
ObjectId("5dfdaf7fd51a5c8eb61038f9"),北京大学,9297,2019-11-05
ObjectId("5dfdaf7fd51a5c8eb61038fa"),北京大学,9253,2019-11-06
ObjectId("5dfdaf7fd51a5c8eb61038fb"),北京大学,9246,2019-11-07
ObjectId("5dfdaf7fd51a5c8eb61038fc"),北京大学,9538,2019-11-08
ObjectId("5dfdaf7fd51a5c8eb61038fd"),北京大学,8401,2019-11-09
ObjectId("5dfdaf7fd51a5c8eb61038fe"),北京大学,8981,2019-11-10
ObjectId("5dfdaf7fd51a5c8eb61038ff"),北京大学,7879,2019-11-11
ObjectId("5dfdaf7fd51a5c8eb6103900"),北京大学,9005,2019-11-12
ObjectId("5dfdaf7fd51a5c8eb6103901"),北京大学,8644,2019-11-13
ObjectId("5dfdaf7fd51a5c8eb6103902"),北京大学,9121,2019-11-14
ObjectId("5dfdaf7fd51a5c8eb6103903"),北京大学,9440,2019-11-15
ObjectId("5dfdaf7fd51a5c8eb6103904"),北京大学,10043,2019-11-16
ObjectId("5dfdaf7fd51a5c8eb6103905"),北京大学,10047,2019-11-17
ObjectId("5dfdaf7fd51a5c8eb6103906"),北京大学,9533,2019-11-18
ObjectId("5dfdaf7fd51a5c8eb6103907"),北京大学,9407,2019-11-19
ObjectId("5dfdaf7fd51a5c8eb6103908"),北京大学,9776,2019-11-20
ObjectId("5dfdaf7fd51a5c8eb6103909"),北京大学,9629,2019-11-21
ObjectId("5dfdaf7fd51a5c8eb610390a"),北京大学,10617,2019-11-22
ObjectId("5dfdaf7fd51a5c8eb610390b"),北京大学,10278,2019-11-23
ObjectId("5dfdaf7fd51a5c8eb610390c"),北京大学,10209,2019-11-24
ObjectId("5dfdaf7fd51a5c8eb610390d"),北京大学,9594,2019-11-25
ObjectId("5dfdaf7fd51a5c8eb610390e"),北京大学,9512,2019-11-26
ObjectId("5dfdaf7fd51a5c8eb610390f"),北京大学,9491,2019-11-27
ObjectId("5dfdaf7fd51a5c8eb6103910"),北京大学,9336,2019-11-28
ObjectId("5dfdaf7fd51a5c8eb6103911"),北京大学,9794,2019-11-29
ObjectId("5dfdaf7fd51a5c8eb6103912"),北京大学,10627,2019-11-30
ObjectId("5dfdaf7fd51a5c8eb6103913"),北京大学,10529,2019-12-01
ObjectId("5dfdaf7fd51a5c8eb6103914"),北京大学,10039,2019-12-02
ObjectId("5dfdaf7fd51a5c8eb6103915"),北京大学,11064,2019-12-03
ObjectId("5dfdaf7fd51a5c8eb6103916"),北京大学,11018,2019-12-04
ObjectId("5dfdaf7fd51a5c8eb6103917"),北京大学,10521,2019-12-05
ObjectId("5dfdaf7fd51a5c8eb6103918"),北京大学,10223,2019-12-06
ObjectId("5dfdaf7fd51a5c8eb6103919"),北京大学,9910,2019-12-07
ObjectId("5dfdaf7fd51a5c8eb610391a"),北京大学,9846,2019-12-08
ObjectId("5dfdaf7fd51a5c8eb610391b"),北京大学,10666,2019-12-09
ObjectId("5dfdaf7fd51a5c8eb610391c"),北京大学,9647,2019-12-10
ObjectId("5dfdaf7fd51a5c8eb610391d"),北京大学,10789,2019-12-11
ObjectId("5dfdaf7fd51a5c8eb610391e"),北京大学,10938,2019-12-12
ObjectId("5dfdaf7fd51a5c8eb610391f"),北京大学,11057,2019-12-13
ObjectId("5dfdaf7fd51a5c8eb6103920"),北京大学,14608,2019-12-14
ObjectId("5dfdaf7fd51a5c8eb6103921"),北京大学,9185,2019-12-15
ObjectId("5dfdaf7fd51a5c8eb6103922"),北京大学,7075,2019-12-16
ObjectId("5dfdaf7fd51a5c8eb6103923"),北京大学,6398,2019-12-17
ObjectId("5dfdaf7fd51a5c8eb6103924"),北京大学,6074,2019-12-18
ObjectId("5dfdaf7fd51a5c8eb6103925"),北京大学,6560,2019-12-19
